id,english,hindi
1,"Other, Private Use","अन्य, निज़ी उपयोग"
2,[SCREAMING],ऊबड़ .
3,Spouse,जीवनसाथी
4,I will never salute you!,- तुम एक कमांडर कभी नहीं होगा!
5,and the stars and the trees bow themselves;,और तारे और वृक्ष सजदा करते है;
6,_Download Messages for Offline Usage,ऑफ़लाइन प्रयोग के लिए संदेश डाउनलोड करें (_D)
7,Nor is it the speech of a soothsayer; how little do you ponder!,और न किसी काहिन की (ख्याली) बात है तुम लोग तो बहुत कम ग़ौर करते हो
8,"A folder named ""{1}"" already exists. Please use a different name.","""{1}"" नाम से फ़ोल्डर पहले से उपस्थित है. कृपया दूसरे नाम का उपयोग करें."
9,The application '%s' could not be created,अनुप्रयोग '%s' के लिए इस्तेमाल किया जा के लिए तैयार है.
10,"Believers, it is unlawful for you to inherit women forcefully, neither bar them, in order that you go off with part of what you have given them, except when they commit a clear indecency. Live with them honorably. If you hate them, it may be that you hate something which Allah has set in it much good.","ऐ ईमान लानेवालो! तुम्हारे लिए वैध नहीं कि स्त्रियों के माल के ज़बरदस्ती वारिस बन बैठो, और न यह वैध है कि उन्हें इसलिए रोको और तंग करो कि जो कुछ तुमने उन्हें दिया है, उसमें से कुछ ले उड़ो। परन्तु यदि वे खुले रूप में अशिष्ट कर्म कर बैठे तो दूसरी बात है। और उनके साथ भले तरीक़े से रहो-सहो। फिर यदि वे तुम्हें पसन्द न हों, तो सम्भव है कि एक चीज़ तुम्हें पसन्द न हो और अल्लाह उसमें बहुत कुछ भलाई रख दे"
11,Display title of the plugin,प्रदर्शक का प्लगइन
12,"or take admonition, and the admonition would benefit him!",या नसीहत हासिल करता हो तो नसीहत उसके लिए लाभदायक हो?
13,"In some few years. Allah's is the command, before and after. And on that day the believers wiil rejoice.",हुक्म तो अल्लाह ही का है पहले भी और उसके बाद भी। और उस दिन ईमानवाले अल्लाह की सहायता से प्रसन्न होंगे।
14,"Unable to open the selected audio device for playing. In case it is a pluggable device it may be sufficient to reconnect it. If not, or if it still is not accessible, please check your audio setup, the permissions and that the device is not busy.","बजाने के लिए चयनित ऑडियो युक्ति खोलने में असमर्थ. यदि यह एक प्लगेबल युक्ति है, इसे फिर कनेक्ट करना पर्याप्त होगा. यदि नहीं, या यह अभी भी पहुँच योग्य नहीं है, कृपया अपने ऑडियो सेटअप को जाँचें, अनुमति, और देखें कि युक्ति व्यस्त तो नहीं है."
15,- I want to know what's happening.,- मुझे पता है क्या हो रहा है चाहता हूँ.
16,Information requested…,सूचना आग्रहित...
17,"And dispute not with the people of the Book unless in the best manner, save with those of them who do wrong; and say: we believe in that which hath been sent down unto us and that which hath been sent down unto you: our God and your God is One; and unto Him we are submissive.","और किताबवालों से बस उत्तम रीति ही से वाद-विवाद करो - रहे वे लोग जो उनमें ज़ालिम हैं, उनकी बात दूसरी है - और कहो - ""हम ईमान लाए उस चीज़ पर जो अवतरित हुई और तुम्हारी ओर भी अवतरित हुई। और हमारा पूज्य और तुम्हारा पूज्य अकेला ही है और हम उसी के आज्ञाकारी है।"""
18,Kennebunk,"केनेबंकCity name (optional, probably does not need a translation)"
19,"Sometimes, the selected text has some whitespace at the end, which, if loaded as URL in a browser would cause an error. Enabling this option removes any whitespace at the beginning or end of the selected string (the original clipboard contents will not be modified).","कभी- कभी चुने गए पाठ के अंत में व्हाइट- स्पेस होता है, जो यदि यूआरएल की तरह ब्राउज़र में लोड होता है तो यह त्रुटि पैदा कर सकता है. इस विकल्प को सक्षम करने पर कोई भी व्हाइटस्पेस जो चुने गए वाक्यांश के प्रारंभ या अंत में हो, तो उसे हटा देता है( क्लिपबोर्ड के मूल विषय- वस्तु में कोई परिवर्धन नहीं होता)."
20,Failed to find Response element,अनुक्रिया तत्व ढूढ़ने में विफल
21,FIB(9) returns 34,FIB( 9) का परिणाम होगा 34
22,Do they possess the treasuries of your Lord? Or do they control [them]?,क्या तुम्हारे परवरदिगार के ख़ज़ाने इन्हीं के पास हैं या यही लोग हाकिम हैं
23,"Allah sets forth the Parable (of two men: one) a slave under the dominion of another; He has no power of any sort; and (the other) a man on whom We have bestowed goodly favours from Ourselves, and he spends thereof (freely), privately and publicly: are the two equal? (By no means;) praise be to Allah. But most of them understand not.",एक मसल ख़ुदा ने बयान फरमाई कि एक ग़ुलाम है जो दूसरे के कब्जे में है (और) कुछ भी एख्तियार नहीं रखता और एक शख़्श वह है कि हमने उसे अपनी बारगाह से अच्छी (खासी) रोज़ी दे रखी है तो वह उसमें से छिपा के दिखा के (ग़रज़ हर तरह ख़ुदा की राह में) ख़र्च करता है क्या ये दोनो बराबर हो सकते हैं (हरगिज़ नहीं) अल्हमदोलिल्लाह (कि वह भी उसके मुक़र्रर हैं) मगर उनके बहुतेरे (इतना भी) नहीं जानते
24,Then go to the Pharaoh as he has become exceedingly rebellious.,"जाओ दोनों, फ़िरऔन के पास, वह सरकश हो गया है"
25,"He it is Who fashionoth You in the Wombs as He will: there is no god but He, the Mighty, the Wise.",वही तो वह ख़ुदा है जो माँ के पेट में तुम्हारी सूरत जैसी चाहता है बनाता हे उसके सिवा कोई माबूद नहीं
26,Third power,तृतीय घातx to the power of y
27,Bottom Left,निचला बायाँ
28,"It is He who made the earth submissive to you; therefore walk in its tracts, and eat of His provision; to Him is the Uprising.","वही तो है जिसने तुम्हारे लिए धरती को वशीभूत किया। अतः तुम उसके (धरती के) कन्धों पर चलो और उसकी रोज़ी में से खाओ, उसी की ओर दोबारा उठकर (जीवित होकर) जाना है"
29,Nathan?,नाथन?
30,"And some there are of the People of the Book who believe in God, and what has been sent down unto you, and what has been sent down unto them, men humble to God, not selling the signs of God for a small price; those -- their wage is with their Lord; God is swift at the reckoning.",और अहले किताब में से कुछ लोग तो ऐसे ज़रूर हैं जो ख़ुदा पर और जो (किताब) तुम पर नाज़िल हुई और जो (किताब) उनपर नाज़िल हुई (सब पर) ईमान रखते हैं ख़ुदा के आगे सर झुकाए हुए हैं और ख़ुदा की आयतों के बदले थोड़ी सी क़ीमत (दुनियावी फ़ायदे) नहीं लेते ऐसे ही लोगों के वास्ते उनके परवरदिगार के यहॉ अच्छा बदला है बेशक ख़ुदा बहुत जल्द हिसाब करने वाला है
31,"The following reactions clarify his case and express condemnations from Saudi writers, artists, and others standing in solidarity.","नीचे दी गई सउदी अरब के लेखक, कलाकार और अन्य लोगों की भर्त्सना करती प्रतिक्रियाएं, उनके साथ एकजुटता प्रदर्शित करते हुए उनके मामले को स्पष्ट करती हैं।"
32,I'll deal with that situation as soon as I get out of here.,जैसे ही मैं यहाँ से बाहर निकलूं मैं स्थिति संभाल लूंगा.
33,- Okay?,- ठीक है?
34,"and can neither help them, nor help themselves?",और न उनकी मदद की कुदरत रखते हैं और न आप अपनी मदद कर सकते हैं
35,I cooked dinner.,मैंने (रात का) खाना पकाया।
36,Turkish (_IBM-857),तुर्की(_IBM-857)
37,>From the fruit of the date palm and the grapes you derive intoxicants as well as wholesome food. Surely in this there is a sign for men of understanding.,"और खजूरों और अंगूरों के फलों से भी, जिससे तुम मादक चीज़ भी तैयार कर लेते हो और अच्छी रोज़ी भी। निश्चय ही इसमें बुद्धि से काम लेनेवाले लोगों के लिए एक बड़ी निशानी है"
38,Folder '%s' is not empty. Not deleted.,'%s' फ़ोल्डर खाली नहीं है. मिटाया नहीं गया है.
39,Hello.,हैलो.
40,"And before them We indeed tried the people of Firaun, and an Honourable Noble Messenger came to them.",और उनसे पहले हमने क़ौमे फिरऔन की आज़माइश की और उनके पास एक आली क़दर पैग़म्बर (मूसा) आए
41,Yahoo Calendar name:,पंचांग संदेश
42,Some believe she whispers orders in your ear and you obey.,कुछ वह आपके कान में फुसफुसाते हुए आदेश विश्वास करते हैं और आप का पालन करना।
43,Pivot Point Z,बिंदु धुरी Z
44,Select the angle you want to construct the bisector of...,उस कोण को चुनें जिसका द्विभाजक बनाना हो...
45,"Okay just calm down, we'll get to the bottom of this.","ठीक है बस शांत हो जाओ, हम इसकी तह तक मिलेगा."
46,Say thou: people of the Book! ye rest not on aught until ye establish the Taurat and the Injil and that which hath now been sent down unto you from your Lord. And that which hath been sent down unto thee will surely increase many of them in exorbitance and infidelity; so mourn thou not over and disbelieving people.,"कह दो, ॅ""ऐ किताबवालो! तुम किसी भी चीज़ पर नहीं हो, जब तक कि तौरात और इनजील को और जो कुछ तुम्हारे रब की ओर से तुम्हारी ओर अवतरित हुआ है, उसे क़ायम न रखो।"" किन्तु (ऐ नबी!) तुम्हारे रब की ओर से तुम्हारी ओर जो कुछ अवतरित हुआ है, वह अवश्य ही उनमें से बहुतों की सरकशी और इनकार में अभिवृद्धि करनेवाला है। अतः तुम इनकार करनेवाले लोगों की दशा पर दुखी न होना"
47,%1's %2,% 1% 2folder name (folder storage name)
48,Add Attachment,अनुलग्नक जोड़ें
49,The ironworks!,कच्चे लोहे का ढलाई खाना!
50,Select all text in the editor,चुनें सभी पाठ इंच
51,Video Conferencing URL,वीडियो सम्मेलन URL
52,Do you trust these clowns?,आप इन जोकर पर भरोसा है?
53,Best,उत्तम
54,boot/ boot. catalog,boot/ boot. catalog
55,"And his people's only answer was to say, “Expel them from your town; they are purist people.”","उसकी क़ौम के लोगों का उत्तर इसके अतिरिक्त और कुछ न था कि वे बोले, ""निकालो, उन लोगों को अपनी बस्ती से। ये ऐसे लोग है जो बड़े पाक-साफ़ है!"""
56,New Contact:,नया संपर्क
57,"Verily, this my brother (in religion) has ninety nine ewes, while I have (only) one ewe, and he says: ""Hand it over to me, and he overpowered me in speech.""",(मुराद ये हैं कि) ये (शख्स) मेरा भाई है और उसके पास निनान्नवे दुम्बियाँ हैं और मेरे पास सिर्फ एक दुम्बी है उस पर भी ये मुझसे कहता है कि ये दुम्बी भी मुझी को दे दें और बातचीत में मुझ पर सख्ती करता है
58,DUKE:,ड्यूक:
59,Error contacting the Account Manager,खाता प्रबंधक से संपर्क करने में त्रुटि
60,"Those of your women who commit fornication, let four (Muslim) witness testify to their act. If there is sufficient testimony, confine them to their homes until they die, or until God provides a way for their freedom.","और तुम्हारी स्त्रियों में से जो व्यभिचार कर बैठे, उनपर अपने में से चार आदमियों की गवाही लो, फिर यदि वे गवाही दे दें तो उन्हें घरों में बन्द रखो, यहाँ तक कि उनकी मृत्यु आ जाए या अल्लाह उनके लिए कोई रास्ता निकाल दे"
61,Do not follow tags,नहीं अनुसरण करें
62,"O Ye who believe! if ye fear Allah He will make for you a distinction and will expiate for you your misdeeds, and forgive you; and Allah is Owner of Mighty Grace.",ऐ ईमान लानेवालो! यदि तुम अल्लाह का डर रखोगे तो वह तुम्हें एक विशिष्टता प्रदान करेगा और तुमसे तुम्हारी बुराइयाँ दूर करेगा और तुम्हे क्षमा करेगा। अल्लाह बड़ा अनुग्राहक है
63,"I'm sorry, Doug.",मैं माफी डौग हूँ.
64,"There are some among them who pledged themselves to God, saying, ""If God gives us something out of His bounty, we shall certainly give alms and be righteous,""","और उनमें से कुछ लोग ऐसे भी है जिन्होने अल्लाह को वचन दिया था कि ""यदि उसने हमें अपने अनुग्रह से दिया तो हम अवश्य दान करेंगे और नेक होकर रहेंगे।"""
65,%s through %s wishes to receive the latest information for the following assigned task:,%s ने %s के द्वारा निम्न दिये गये कार्य के लिए अद्यतन सूचना पाना चाहता है:
66,Lord Asano's samurai have attacked Irontown!,Ashitaka ? सामुराई ironworks पर हमला कर रहे हैं!
67,Eject a disc,डिस्क बाहर निकालें
68,"And then I realized, he has a weak spot.",और तब मुझे एहसास हुआ वह एक कमजोर जगह है.
69,So I'm actually looking for my own building anyway.,तो मैं वास्तव में मेरे स्वयं के निर्माण के लिए वैसे भी देख रहा हूँ.
70,_16:9,_16:9
71,%s nm,%s nmunit-symbols
72,"His is whatsoever is in the heavens and whatsoever is in the earth; and most surely Allah is the Self-sufficient, the Praised.",उसी का है जो कुछ आकाशों में और जो कुछ धरती में है। निस्संदेह अल्लाह ही निस्पृह प्रशंसनीय है
73,O which of your Lord's bounties will you and you deny?,फिर तुम दोनों अपने रब की महानताओं में से किस-किस को झुठलाओगे?
74,"They said, “Purity is to our Lord – we have indeed been unjust.”","वे पुकार उठे, ""महान और उच्च है हमारा रब! निश्चय ही हम ज़ालिम थे।"""
75,"Indeed those who do not expect to encounter Us and who are pleased with the life of this world and satisfied with it, and those who are oblivious of Our signs",इसमें भी शक़ नहीं कि जिन लोगों को (क़यामत में) हमारी (बारगाह की) हुज़ूरी का ठिकाना नहीं और दुनिया की (चन्द रोज़) ज़िन्दगी से निहाल हो गए और उसी पर चैन से बैठे हैं और जो लोग हमारी आयतों से ग़ाफिल हैं
76,"Here, enter the text you want to insert in your image.",यहाँ पर आप वह पाठ भरें जो आप अपनी छवि में प्रविष्ट करना चाहते हैं.
77,Caesar... weak.,सीज़र... दुर्बल है।
78,"And among men there is he who disputes about Allah without knowledge and without guidance and without an illuminating book,",और लोगों में से कुछ ऐसे भी है जो बेजाने बूझे बे हिदायत पाए बगैर रौशन किताब के (जो उसे राह बताए) खुदा की आयतों से मुँह मोडे
79,"And there are some who, though they say: ""We believe in God and the Last Day,"" (in reality) do not believe.",और बाज़ लोग ऐसे भी हैं जो (ज़बान से तो) कहते हैं कि हम खुदा पर और क़यामत पर ईमान लाए हालाँकि वह दिल से ईमान नहीं लाए
80,Fog in Vicinity,आसपड़ोस में धुंधweather condition
81,I thought I killed you.,मैंने सोचा कि मैं आप को मार डाला।
82,"And [recall, O Children of Israel], when We saved you from the people of Pharaoh, [who were] afflicting you with the worst torment - killing your sons and keeping your women alive. And in that was a great trial from your Lord.",हालॉकि उसने तुमको सारी खुदाई पर फज़ीलत दी है (ऐ बनी इसराइल वह वक्त याद करो) जब हमने तुमको फिरऔन के लोगों से नजात दी जब वह लोग तुम्हें बड़ी बड़ी तकलीफें पहुंचाते थे तुम्हारे बेटों को तो (चुन चुन कर) क़त्ल कर डालते थे और तुम्हारी औरतों को (लौन्डियॉ बनाने के वास्ते ज़िन्दा रख छोड़ते) और उसमें तुम्हारे परवरदिगार की तरफ से तुम्हारे (सब्र की) सख्त आज़माइश थी
83,It has reminders.,इसमें अनुस्मारक है..
84,Resize,आकार बदलें
85,"We afflicted Pharaoh's people with shortages of food and famine so that they might take heed,",और बेशक हमने फिरऔन के लोगों को बरसों से कहत और फलों की कम पैदावार (के अज़ाब) में गिरफ्तार किया ताकि वह इबरत हासिल करें
86,"%s is distributed in the hope that it will be useful, but WITHOUT ANY WARRANTY; without even the implied warranty of MERCHANTABILITY or FITNESS FOR A PARTICULAR PURPOSE. See the GNU General Public License for more details.","%s is distributed in the hope that it will be useful, but WITHOUT ANY WARRANTY; without even the implied warranty of MERCHANTABILITY or FITNESS FOR A PARTICULAR PURPOSE. See the GNU General Public License for more details."
87,Password to pass as authentication when doing HTTP proxying.,बतौर सत्यापन आगे जाने के लिए कूटशब्द जब HTTP प्रॉक्सी कर रहे हैं.
88,On the Day of Resurrection neither your blood-kindred nor your own offspring will avail you. (On that Day) He will separate you. Allah sees all that you do.,क़यामत के दिन न तुम्हारे रिश्ते नाते ही कुछ काम आएँगे न तुम्हारी औलाद (उस दिन) तो वही फ़ैसला कर देगा और जो कुछ भी तुम करते हो ख़ुदा उसे देख रहा है
89,Negative.,नकारात्मक.
90,All right!,सब ठीक है!
91,Show deleted messages (with a strike-through) in the message-list.,संदेश सूची (आर-पार काटे हुए के साथ ) में मिटाए संदेश दिखाएँ.
92,ATANH(0.8) equals 1.09861229,ATANH( 0. 8) बराबर है: 1. 09861229
93,Subject:,विषय:
94,_Attachment...,संलग्नक... (_A)
95,"By the morning brightness,","साक्षी है चढ़ता दिन,"
96,256 KiB,कि. बा.
97,"They ask you to hasten the evil before the good, yet (many) exemplary punishments have indeed occurred before them. But verily, your Lord is full of Forgiveness for mankind inspite of their wrong-doing. And verily, your Lord is (also) Severe in punishment.",और (ऐ रसूल) ये लोग तुम से भलाई के क़ब्ल ही बुराई (अज़ाब) की जल्दी मचा रहे हैं हालॉकि उनके पहले (बहुत से लोगों की) सज़ाएं हो चुकी हैं और इसमें शक़ नहीं की तुम्हारा परवरदिगार बावजूद उनकी शरारत के लोगों पर बड़ा बख़शिश (करम) वाला है और इसमें भी शक़ नहीं कि तुम्हारा परवरदिगार यक़ीनन सख्त अज़ाब वाला है
98,"You should have received a copy of the GNU General Public License along with Brasero; if not, write to the Free Software Foundation, Inc., 51 Franklin Street, Fifth Floor, Boston, MA 02110-1301, USA","You should have received a copy of the GNU General Public License along with Brasero; if not, write to the Free Software Foundation, Inc., 51 Franklin Street, Fifth Floor, Boston, MA 02110-1301, USA"
99,"We found no (loyalty to any) covenant in most of them. Nay, most of them We found wrong-doers.","हमने उनके अधिकतर लोगो में प्रतिज्ञा का निर्वाह न पाया, बल्कि उनके बहुतों को हमने उल्लंघनकारी ही पाया"
100,The certificate is self-signed.,प्रमाणपत्र स्व-हस्ताक्षरित है.
101,Display history help,इतिहास मदद दिखाएँ
102,The layout for the top panel pluginview.,शीर्ष पैनल pluginview के लिए लेआउट.
103,Surely your Lord will judge among them on the Day of Resurrection concerning the matters about which the Children of Israel used to differ.,(ऐ रसूल) हसमें शक़ नहीं कि जिन बातों में लोग (दुनिया में) बाहम झगड़ते रहते हैं क़यामत के दिन तुम्हारा परवरदिगार क़तई फैसला कर देगा
104,Convert End Of Line characters to DOS EOL (CRLF),बदलें अंत पंक्ति अक्षर को डॉस EOL
105,Could not read folder permissions,फ़ोल्डर नहीं खोल सका: अनुमति नहीं है
106,Laois,लाओसjamaica. kgm
107,We have created them of special creation.,(उनको) वह हूरें मिलेंगी जिसको हमने नित नया पैदा किया है
108,"They will excuse themselves to you when you go back to them. Say: Urge no excuse, by no means will we believe you; indeed Allah has informed us of matters relating to you; and now Allah and His Apostle will see your doings, then you shall be brought back to the Knower of the unseen and the seen, then He will inform you of what you did.",जब तुम उनके पास (जिहाद से लौट कर) वापस आओगे तो ये (मुनाफिक़ीन) तुमसे (तरह तरह) की माअज़रत करेंगे (ऐ रसूल) तुम कह दो कि बातें न बनाओ हम हरग़िज़ तुम्हारी बात न मानेंगे (क्योंकि) हमे तो ख़ुदा ने तुम्हारे हालात से आगाह कर दिया है अनक़ीरब ख़ुदा और उसका रसूल तुम्हारी कारस्तानी को मुलाहज़ा फरमाएगें फिर तुम ज़ाहिर व बातिन के जानने वालों (ख़ुदा) की हुज़ूरी में लौटा दिए जाओगे तो जो कुछ तुम (दुनिया में) करते थे (ज़र्रा ज़र्रा) बता देगा
109,"Then when He removes the adversity from you, at once a party of you associates others with their Lord","फिर जब वह उस तकलीफ़ को तुमसे टाल देता है, तो क्या देखते है कि तुममें से कुछ लोग अपने रब के साथ साझीदार ठहराने लगते है,"
110,No!,नहीं!
111,Paste,चिपकाएँ (P)
112,Allow popups,पॉपअप स्वीकारें
113,Stop.,रूक जा।
114,& Invert Current String (search < -- > replace),वर्तमान वाक्याँश उलटें (ढूंढें < -- > बदलें) (I)
115,"And how many a generation have We destroyed before them, who were mightier in power than they, and they traversed the cities! No place of refuge could they find.",और हमने तो इनसे पहले कितनी उम्मतें हलाक कर डाली जो इनसे क़ूवत में कहीं बढ़ कर थीं तो उन लोगों ने (मौत के ख़ौफ से) तमाम शहरों को छान मारा कि भला कहीं भी भागने का ठिकाना है
116,Snippets Group:,स्निपेट समूह:
117,Remote debugging,शक्तिशाली डिबगिंग औजार
118,"And they followed what the devils taught during the reign of Salomon. It was not Solomon who disbelieved, but it was the devils who disbelieved. They taught the people witchcraft and what was revealed in Babylon to the two angels Harut and Marut. They did not teach anybody until they had said, “We are a test, so do not lose faith.” But they learned from them the means to cause separation between man and his wife. But they cannot harm anyone except with God's permission. And they learned what would harm them and not benefit them. Yet they knew that whoever deals in it will have no share in the Hereafter. Miserable is what they sold their souls for, if they only knew.","और जो वे उस चीज़ के पीछे पड़ गए जिसे शैतान सुलैमान की बादशाही पर थोपकर पढ़ते थे - हालाँकि सुलैमान ने कोई कुफ़्र नहीं किया था, बल्कि कुफ़्र तो शैतानों ने किया था; वे लोगों को जादू सिखाते थे - और उस चीज़ में पड़ गए जो बाबिल में दोनों फ़रिश्तों हारूत और मारूत पर उतारी गई थी। और वे किसी को भी सिखाते न थे जब तक कि कह न देते, ""हम तो बस एक परीक्षा है; तो तुम कुफ़्र में न पड़ना।"" तो लोग उन दोनों से वह कुछ सीखते है, जिसके द्वारा पति और पत्नी में अलगाव पैदा कर दे - यद्यपि वे उससे किसी को भी हानि नहीं पहुँचा सकते थे। हाँ, यह और बात है कि अल्लाह के हुक्म से किसी को हानि पहुँचनेवाली ही हो - और वह कुछ सीखते है जो उन्हें हानि ही पहुँचाए और उन्हें कोई लाभ न पहुँचाए। और उन्हें भली-भाँति मालूम है कि जो उसका ग्राहक बना, उसका आखिरत में कोई हिस्सा नहीं। कितनी बुरी चीज़ के बदले उन्होंने प्राणों का सौदा किया, यदि वे जानते (तो ठीक मार्ग अपनाते)"
119,Select which holiday region to use,@ item: inlistbox No date
120,This shall be their entertainment on the Day of Judgement.,यह बदला दिए जाने के दिन उनका पहला सत्कार होगा
121,Run Script,फ़ोल्डर जोड़ें
122,Open the selected bookmark in a new tab,चयनित पसंद को नए टैब में खोलें
123,After his death?,उसकी मौत के बाद?
124,Current mixer,मौज़ूदा मिक्सर
125,"Phalanx, attention!","व्यूह, सावधान!"
126,"Isn't that right, Jane?",~ नहीं है कि जेन?
127,"O Apostle! preach thou all that hath been sent down unto thee from thy Lord; and if thou do it not, thou wilt not have preached His message. Allah shall protect thee from mankind; verily Allah shall not guide a disbelieving people.",ऐ रसूल जो हुक्म तुम्हारे परवरदिगार की तरफ़ से तुम पर नाज़िल किया गया है पहुंचा दो और अगर तुमने ऐसा न किया तो (समझ लो कि) तुमने उसका कोई पैग़ाम ही नहीं पहुंचाया और (तुम डरो नहीं) ख़ुदा तुमको लोगों के श्शर से महफ़ूज़ रखेगा ख़ुदा हरगिज़ काफ़िरों की क़ौम को मंज़िले मक़सूद तक नहीं पहुंचाता
128,Mumbai is the capital of the Indian state of Maharashtra.,मुम्बई भारतीय राज्य महाराष्ट्र की राजधानी है।
129,That's respect enough to let us know his intentions.,कि हमें अपने इरादे बताने के लिए सम्मान के लिए पर्याप्त है .
130,“You and your forefathers preceding you.”,या तुम्हारे अगले बाप दादा (करते थे) ये सब मेरे यक़ीनी दुश्मन हैं
131,(No Grouping),(समूहबद्धता नहीं)
132,When I think of how stubborn and senseless you were back in the day.,जब यह सोचता हूँ कि पहले तुम कितने अड़ियल और नादान हुआ करते थे--
133,Specify session management ID,सत्र प्रबंधन ID निर्दिष्ट करें
134,Could not save signature file.,हस्ताक्षर फ़ाइल सहेज नहीं सका.
135,So?,तो?
136,Insert Smiley,स्माइली दें
137,Right Delimiter,दायाँ डेलिमिटर
138,& masculine: \t,नर:\ t (m) @ label the gender of the word: female
139,I've got it.,मैं यह मिल गया है.
140,"He merged the two seas, converging together.","उसने दो समुद्रो को प्रवाहित कर दिया, जो आपस में मिल रहे होते है।"
141,Warnings:,चेतावनियां
142,Thereafter We raised up many a generation and a long time passed. You were then not even present among the people of Midian to rehearse Our verses to them. But it is We Who are sending news about that.,मगर हमने (मूसा के बाद) बहुतेरी उम्मतें पैदा की फिर उन पर एक ज़माना दराज़ गुज़र गया और न तुम मदैन के लोगों में रहे थे कि उनके सामने हमारी आयते पढ़ते (और न तुम को उन के हालात मालूम होते) मगर हम तो (तुमको) पैग़म्बर बनाकर भेजने वाले थे
143,Everyone in the heavens and the earth asks Him. Every day He is managing.,और जितने लोग सारे आसमान व ज़मीन में हैं (सब) उसी से माँगते हैं वह हर रोज़ (हर वक्त) मख़लूक के एक न एक काम में है
144,Africa/Lagos,अफ्रीका/लागोस
145,Somebody in the picture?,कोई इस फोटो में?
146,"“In fact, we are unfortunate.”","नहीं, बल्कि हम वंचित होकर रह गए।"""
147,She's still in there.,-वो अंदर ही है। इंतज़ार करें !
148,Upgrade from previous version failed:,पूर्ववर्ती संस्करण से श्रेणीविस्तार असफल:
149,"We saved him and all his family, except his wife, who was made to remain,",तब हमने उनको और उनके घर वालों को नजात दी मगर सिर्फ (एक) उनकी बीबी को कि वह (अपनी बदआमाली से) पीछे रह जाने वालों में थी
150,"And there are advantages for you in them, and that you may attain thereon a want which is in your breasts, and upon them and upon the ships you are borne.",और तुम्हारे लिए उनमें (और भी) फायदे हैं और ताकि तुम उन पर (चढ़ कर) अपनी दिली मक़सद तक पहुँचो और उन पर और (नीज़) कश्तियों पर सवार फिरते हो
151,Home Page,पहला पन्ना
152,Those who like to publicize indecency among the believers will face painful torment in this world and in the life to come. God knows what you do not know.,"जो लोग चाहते है कि उन लोगों में जो ईमान लाए है, अश्लीहलता फैले, उनके लिए दुनिया और आख़िरत (लोक-परलोक) में दुखद यातना है। और अल्लाह बड़ा करुणामय, अत्यन्त दयावान है"
153,"They will ask thee for a pronouncement. Say: 'God pronounces to you concerning the indirect heirs. If a man perishes having no children, but he has a sister, she shall receive a half of what he leaves, and he is her heir if she has no children. If there be two sisters, they shall receive two-thirds of what he leaves; if there be brothers and sisters, the male shall receive the portion of two females. God makes clear to you, lest you go astray; God has knowledge of everything.","वे तुमसे आदेश मालूम करना चाहते है। कह दो, ""अल्लाह तुम्हें ऐसे व्यक्ति के विषय में, जिसका कोई वारिस न हो, आदेश देता है - यदि किसी पुरुष की मृत्यु हो जाए जिसकी कोई सन्तान न हो, परन्तु उसकी एक बहन हो, तो जो कुछ उसने छोड़ा है उसका आधा हिस्सा उस बहन का होगा। और भाई बहन का वारिस होगा, यदि उस (बहन) की कोई सन्तान न हो। और यदि (वारिस) दो बहनें हो, तो जो कुछ उसने छोड़ा है, उसमें से उनके लिए दो-तिहाई होगा। और यदि कई भाई-बहन (वारिस) हो तो एक पुरुष को हिस्सा दो स्त्रियों के बराबर होगा।"" अल्लाह तुम्हारे लिए आदेशों को स्पष्ट करता है, ताकि तुम न भटको। और अल्लाह को हर चीज का पूरा ज्ञान है"
154,Go home.,घर जाओ.
155,Couldn't delete file,फाइल मिटा नहीं सका
156,Witnessed by those brought near.,उसके पास मुक़र्रिब (फ़रिश्ते) हाज़िर हैं
157,"Others are held in suspense, awaiting God’s decree, as to whether He will punish them, or accept their repentance. God is Aware and Wise.",और कुछ लोग हैं जो हुक्मे ख़ुदा के उम्मीदवार किए गए हैं (उसको अख्तेयार है) ख्वाह उन पर अज़ाब करे या उन पर मेहरबानी करे और ख़ुदा (तो) बड़ा वाकिफकार हिकमत वाला है
158,Africa/El_Aaiun,अफ्रीका/एल_ऐउन
159,Caribou,कैरिबू
160,100%,100%
161,Size:,आकारः
162,Be not deceived by the comings and goings of unbelievers in the land.,(ऐ रसूल) काफ़िरों का शहरों शहरों चैन करते फिरना तुम्हे धोखे में न डाले
163,"So We gave him back to his mother that her eye might be refreshed, and that she might no grieve, and that she might know that the promise of Allah is true, but most of them do not know.","इस प्रकार हम उसे उसकी माँ के पास लौटा लाए, ताकि उसकी आँख ठंड़ी हो और वह शोकाकुल न हो और ताकि वह जान ले कि अल्लाह का वादा सच्चा है, किन्तु उनमें से अधिकतर लोग जानते नहीं"
164,He said: My Lord! appoint a sign for me. Said He: Your sign is that you should not speak to men for three days except by signs; and remember your Lord much and glorify Him in the evening and the morning.,"उसने कहा, ""मेरे रब! मेरे लिए कोई आदेश निश्चित कर दे।"" कहा, ""तुम्हारे लिए आदेश यह है कि तुम लोगों से तीन दिन तक संकेत के सिवा कोई बातचीत न करो। अपने रब को बहुत अधिक याद करो और सायंकाल और प्रातः समय उसकी तसबीह (महिमागान) करते रहो।"""
165,_Important,महत्वपूर्ण (_I)
166,"What! do you indeed approach men lustfully rather than women? Nay, you are a people who act ignorantly.","क्या तुम स्त्रियों को छोड़कर अपनी काम-तृप्ति के लिए पुरुषों के पास जाते हो? बल्कि बात यह है कि तुम बड़े ही जाहिल लोग हो।"""
167,Superquadrics (GL),विविधाकार (जीएल)
168,Decryption is not supported by this cipher,विगोपन इस सिफर के द्वारा समर्थित नहीं है
169,_Tentative all,सभी अंतरिम (_T)
170,Not yet.,अभी नहीं.
171,But they denied him and hamstrung her. So their Lord brought down upon them destruction for their sin and made it equal [upon all of them].,मगर उन लोगों पैग़म्बर को झुठलाया और उसकी कूँचे काट डाली तो ख़ुदा ने उनके गुनाहों सबब से उन पर अज़ाब नाज़िल किया फिर (हलाक करके) बराबर कर दिया
172,"Noah said, ‘My Lord! They have disobeyed me, following someone whose wealth and children only add to his loss,","नूह ने कहा, ""ऐ मेरे रब! उन्होंने मेरी अवज्ञा की, और उसका अनुसरण किया जिसके धन और जिसकी सन्तान ने उसके घाटे ही मे अभिवृद्धि की"
173,And it will revert the chastisement from her if she testifieth by Allah four times that verily he is of the liars.,और औरत (के सर से) इस तरह सज़ा टल सकती है कि वह चार मरतबा ख़ुदा की क़सम खा कर बयान कर दे कि ये शख्स (उसका शौहर अपने दावे में) ज़रुर झूठा है
174,"Could not display the folder ""%s""","फ़ोल्डर ""%s"" प्रदर्शित नहीं कर सका"
175,I want you to come work for me.,मैं तुम्हें मेरे लिए काम आना चाहते हैं.
176,"and raised couches,",उसमें ऊँचे ऊँचे तख्त बिछे होंगे
177,"Moses asked his young companion when they crossed this point, ""Bring us our food; the journey has made us tired.""",फिर जब कुछ और आगे बढ़ गए तो मूसा ने अपने जवान (वसी) से कहा (अजी हमारा नाश्ता तो हमें दे दो हमारे (आज के) इस सफर से तो हमको बड़ी थकन हो गई
178,The file you selected does not look like a valid .png image. Error: {0},आपके द्वारा चयनित फ़ाइल वैध नहीं लगती है .png वैध. त्रुटि: {0}
179,"(Those) who keep their trusts and their covenant,",और जो लोग अपनी अमानतों और अहदों का लेहाज़ रखते हैं
180,Clear Color,रंग साफ करें (o) @ action
181,Extension of lines,एक्सटेंशन गाइड सक्षम करें
182,"In that [state of happiness] they will call out; ""Glory be to You, O God!"", while their greeting in it will be: ""Peace!"" And the close of their call will be, ""All praise is due to God, the Lord of the Universe!""",उन बाग़ों में उन लोगों का बस ये कौल होगा ऐ ख़ुदा तू पाक व पाकीज़ा है और उनमें उनकी बाहमी (आपसी) खैरसलाही (मुलाक़ात) सलाम से होगी और उनका आख़िरी क़ौल ये होगा कि सब तारीफ ख़ुदा ही को सज़ावार है जो सारे जहाँन का पालने वाला है
183,unknown orientation,अज्ञात दिशा- निर्धारण
184,External Editor,बाहरी संपादक
185,The Country name of the current geographic location.,वर्तमान भौगोलिक स्थान के देश का नाम.
186,address family for nodename not supported,नोड नाम के लिए एड्रेस फैमिली समर्थित नहीं है
187,"Therefore remember Me, I will remember you. Give thanks to Me, and reject not Me.","अतः तुम मुझे याद रखो, मैं भी तुम्हें याद रखूँगा। और मेरा आभार स्वीकार करते रहना, मेरे प्रति अकृतज्ञता न दिखलाना"
188,Vieques,विएक्वेसpuertorico. kgm
189,Expand Threads With Unread Messages,संदेश सूची - बिनपढ़े संदेश
190,You understand?,समझते हो?
191,No duplicate fonts found.,कोई दोहरे फ़ॉन्ट नहीं मिले.
192,mailbox: %s (%s),डाकपेटी: %s (%s)
193,Certificate self-signed,प्रमाणपत्र स्वहस्ताक्षरित
194,Bug reporter name,बग रपट देने वाले का नाम
195,1,1
196,Legacy pixmaps,लीजेसी पिक्समेप्स
197,Albania,अल्बानियाworld. kgm
198,"They said, ""O Dhul-Qarnayn, indeed Gog and Magog are [great] corrupters in the land. So may we assign for you an expenditure that you might make between us and them a barrier?""","उन्होंने कहा, ""ऐ ज़ुलक़रनैन! याजूज और माजूज इस भूभाग में उत्पात मचाते हैं। क्या हम तुम्हें कोई कर इस बात काम के लिए दें कि तुम हमारे और उनके बीच एक अवरोध निर्मित कर दो?"""
199,Failed to encode data,आंकड़ा इनकोड में विफल
200,_New Memo List,नई ज्ञापन सूची (_N)
201,Avarua,आसमाराworld. kgm
202,"when God's servant stood up to pray to Him, they pressed close to him in great numbers, almost stifling him.","और यह कि ""जब अल्लाह का बन्दा उसे पुकारता हुआ खड़ा हुआ तो वे ऐसे लगते है कि उसपर जत्थे बनकर टूट पड़ेगे।"""
203,Hm.,हम्म।
204,_Sort,छाँटें (_S)
205,They have called twice from Elias' school.,वे एलियास के स्कूल से दो बार बुला चुके हैं.
206,Loading archive,अभिलेख लोड कर रहा है
207,The provided target_name parameter was ill-formed.,दिया गया लक्ष्यनाम पैरामीटर कु-रूप था.
208,_Cost:,लागत (_C):
209,Commit your changes to the Subversion tree,कमिट को सबवर्सन ट्री
210,Music,संगीतPhonon::
211,No!,नहीं!
212,Everything have We recorded in a Book.,और हमने हर चीज़ लिखकर गिन रखी है
213,Subdocument:,उपदस्तावेज़:
214,* No Summary *,* कोई सारांश नहीं *
215,GroupWise Work Screen Name 2,समूह अनुसार कार्य स्क्रीन नाम 2
216,Paint concrete (cannot dig),कांक्रीट (खोद नहीं सकते हैं)
217,"""Because God has chosen to call Nanette from this life,","""क्योंकि परमेश्वर चुना है इस जीवन से Nanette फोन,"
218,"Were there for us a return, we would be of the believers.","क्या ही अच्छा होता कि हमें एक बार फिर पलटना होता, तो हम मोमिनों में से हो जाते!"""
219,Use sound theme,ध्वनि प्रसंग का प्रयोग करें
220,The precommand crashed.,प्रीकमांड क्रैश हो गया.
221,Driver could not be loaded,ड्राइवर लोड नहीं किया जा सकता...
222,A team is nothing but pieces you switch out until you get the job done.,एक टीम आप के लिए काम मिल जब तक आप बाहर स्विच लेकिन टुकड़े कुछ भी नहीं है.
223,I'd say that was a lot of male bonding packed into very little time.,L 'घ कहना है कि पुरुष बहुत कम समय में पैक संबंध का एक बहुत कुछ था.
224,720 x 360 DPI,720 x 360 डीपीआई
225,_New Contact...,नया संपर्क...(_N)
226,Chart Settings,कार्य विन्यास
227,And the producers of sparks [when] striking,"फिर ठोकरों से चिनगारियाँ निकालते है,"
228,"Labouring (hard), weary,-","कठिन परिश्रम में पड़े, थके-हारे"
229,What ails you that you judge in such a wise?,(अरे कम्बख्तों) तुम्हें क्या जुनून हो गया है तुम लोग (बैठे-बैठे) कैसा फैसला करते हो
230,"And such were 'Aad. They gainsaid the signs of their Lord, and disobeyed His apostles, and followed the bidding of any tyrant froward.",(ऐ रसूल) ये हालात क़ौमे आद के हैं जिन्होंने अपने परवरदिगार की आयतों से इन्कार किया और उसके पैग़म्बरों की नाफ़रमानी की और हर सरकश (दुश्मने ख़ुदा) के हुक्म पर चलते रहें
231,& Window,विंडो (W)
232,"who do you think they're going to believe, you or me?",तुम्हारा या मेरा ?
233,Burning data DVD,डाटा DVD लिख रहा है
234,Whether to ask for confirmation when deleting an appointment or task,क्या संपुष्टि के लिए पूछना है जब एक मुलाकात या कार्य मिटाना है
235,from the evil of those who blow on knots,"और गाँठो में फूँक मारने-वालों की बुराई से,"
236,And who might that be?,और कौन हो सकता है?
237,"God is the Originator of the heavens and the earth. Whenever He decides to do anything, He just commands it to exist and it comes into existence.",(वही) आसमान व ज़मीन का मोजिद है और जब किसी काम का करना ठान लेता है तो उसकी निसबत सिर्फ कह देता है कि ''हो जा'' पस वह (खुद ब खुद) हो जाता है
238,Asia/Kabul,एशिया/काबुल
239,Output whole document to stdout,सम्पूर्ण दस्तावेज़ स्टडआउट में आउटपुट करें
240,Resolving: %s,हल कर रहा है: %s
241,"And when they were told, ‘Settle in this town and eat thereof whence you wish; and say, ‘‘Relieve [us of the burden of our sins],’’ and enter prostrating at the gate, that We may forgive your iniquities, and soon We shall enhance the virtuous.’",और जब उनसे कहा गया कि उस गाँव में जाकर रहो सहो और उसके मेवों से जहाँ तुम्हारा जी चाहे (शौक़ से) खाओ (पियो) और मुँह से हुतमा कहते और सजदा करते हुए दरवाजे में दाखिल हो तो हम तुम्हारी ख़ताए बख्श देगें और नेकी करने वालों को हम कुछ ज्यादा ही देगें
242,"O you who believe! Stand out firmly for Allah and be just witnesses and let not the enmity and hatred of others make you avoid justice. Be just: that is nearer to piety, and fear Allah. Verily, Allah is Well-Acquainted with what you do.",ऐ ईमानदारों ख़ुदा (की ख़ुशनूदी) के लिए इन्साफ़ के साथ गवाही देने के लिए तैयार रहो और तुम्हें किसी क़बीले की अदावत इस जुर्म में न फॅसवा दे कि तुम नाइन्साफी करने लगो (ख़बरदार बल्कि) तुम (हर हाल में) इन्साफ़ करो यही परहेज़गारी से बहुत क़रीब है और ख़ुदा से डरो क्योंकि जो कुछ तुम करते हो (अच्छा या बुरा) ख़ुदा उसे ज़रूर जानता है
243,Except those who believe and do the right: For them there is reward unending.,अलबत्ता जो लोग ईमान लाए और उन्होंने अच्छे कर्म किए उनके लिए कभी न समाप्त॥ होनेवाला प्रतिदान है
244,Czech Republic,"चेक रिपब्लिकCountry name (optional, but should be translated)"
245,New _Memo,नया ज्ञापन (_M)
246,What time the greatest wretch of them rose up.,"जब उनमें का सबसे बड़ा दुर्भाग्यशाली उठ खड़ा हुआ,"
247,_Delete,हटाएं
248,"On the Day when We call all the people with their record, whosoever is given his book in his right hand shall read their book, and they shall not be wronged by as much as a single datefiber.",उस दिन (को याद करो) जब हम तमाम लोगों को उन पेशवाओं के साथ बुलाएँगें तो जिसका नामए अमल उनके दाहिने हाथ में दिया जाएगा तो वह लोग (खुश खुश) अपना नामए अमल पढ़ने लगेगें और उन पर रेशा बराबर ज़ुल्म नहीं किया जाएगा
249,"and you devour the inheritance greedily,",और मीरारा के माल (हलाल व हराम) को समेट कर चख जाते हो
250,"'No indeed; but he brought the truth, and confirmed the Envoys.",बल्कि ये तो हक़ बात लेकर आया है और (अगले) पैग़म्बरों की तसदीक़ करता है
251,How close is he?,वह कैसे बंद है?
252,( rock music playing ),(रॉकसंगीतखेल)
253,"Toothless, it's now or never!",टूथलेस! या तो अभी या कभी नहीं!
254,"There is only one selected file (""%s""). It is the image of a disc and its contents can be burned.","केवल एक चयनित फ़ाइल (""%s"") है. यह डिस्क की छवि है और इसकी सामग्री लिखी जा सकती है."
255,Name of script to run. Use '- 'for stdin.,पकड़ें
256,ELIZABETH:,एलिजाबेथ:
257,Let's go to Vegas.,चलो वेगास के पास जाओ.
258,It was very good.,यह बहुत अच्छा था.
259,the queen of spades,हुकुम की बेगम
260,"- You're lying, Elias.","- तुम झूठ बोल रहे हो, एलियास."
261,Don't be afraid.,डरो मत.
262,"His wife who was standing nearby, smiled and so We gave her the glad news that she would give birth to Isaac who would have a son, Jacob.",और इबराहीम की बीबी (सायरा) खड़ी हुई थी वह (ये ख़बर सुनकर) हॅस पड़ी तो हमने (उन्हेंफ़रिश्तों के ज़रिए से) इसहाक़ के पैदा होने की खुशख़बरी दी और इसहाक़ के बाद याक़ूब की
263,"And Lot, when he said to his people, “Do you commit lewdness no people anywhere have ever committed before you?”",और (लूत को हमने रसूल बनाकर भेजा था) जब उन्होनें अपनी क़ौम से कहा कि (अफसोस) तुम ऐसी बदकारी (अग़लाम) करते हो कि तुमसे पहले सारी ख़ुदाई में किसी ने ऐसी बदकारी नहीं की थी
264,Select the light source from which the shadow should originate...,प्रकाश स्रोत चुनें जिसमें से निकलती हो...
265,"And whosoever repents and does righteous good deeds, then verily, he repents towards Allah with true repentance.",और जिस शख्स ने तौबा कर ली और अच्छे अच्छे काम किए तो बेशक उसने ख़ुदा की तरफ (सच्चे दिल से) हक़ीकक़तन रुजु की
266,Oh!,ओह!
267,Enable Reminders,स्मरण संपादित करें
268,kmix: Mixer cannot be found. Please check that the soundcard is installed and the soundcard driver is loaded. On Linux you might need to use'insmod 'to load the driver. Use'soundon' when using commercial OSS.,के- मिक्स: कृपया जाँचें कि साउन्डकार्ड संस्थापित है तथा साउन्डकार्ड ड्राइवर लोड किया हुआ है. लिनक्स सिस्टम में आपको 'insmod' का उपयोग ड्राइवर लोड करने में करना पड़ सकता है. जब व्यावसायिक ओएसएस उपयोग करते हों तो इस्तेमाल करें 'soundon' का.
269,Copy Disc,डिस्क कॉपी करें
270,& Name:,नाम: (N)
271,So what makes you deny the Retribution?,"अब इसके बाद क्या है, जो बदले के विषय में तुम्हें झुठलाए?"
272,Envelope DL,लिफाफा डीएलName
273,When the Sky is cleft asunder;,जब आसमान तर्ख़ जाएगा
274,Could not delete folder meta file '%s': %s,'%s' फ़ोल्डर मेटा फ़ाइल विलोपित नहीं कर सका: %s
275,Notifies a critical event,गंभीर घटना की सूचना देता हैName
276,Right to Left,दाहिने से बांयें
277,KDE Index generator for help files.,मदद फ़ाइलों के लिए केडीई का निर्देशिका जेनरेटर.
278,electronvolts,कॉर्क रिंग
279,Show status field in the event/task/meeting editor,घटना/कार्य/बैठक संपादक में प्रस्थिति क्षेत्र दिखायें
280,"And the People given the Book(s) said, “None will enter Paradise unless he is a Jew or a Christian”; these are their own imaginations; say (O dear Prophet Mohammed – peace and blessings be upon him), “Bring your proof, if you are truthful.”",और (यहूद) कहते हैं कि यहूद (के सिवा) और (नसारा कहते हैं कि) नसारा के सिवा कोई बेहिश्त में जाने ही न पाएगा ये उनके ख्याली पुलाव है (ऐ रसूल) तुम उन से कहो कि भला अगर तुम सच्चे हो कि हम ही बेहिश्त में जाएँगे तो अपनी दलील पेश करो
281,Length:,लंबाईः
282,Then I did not know how sweet you are.,तब मुझे पता नहीं था तुम इतनी प्यारी हो.
283,The satans have not revealed the Quran;,इसे शैतान लेकर नहीं उतरे हैं।
284,_Text Color,पाठ रंग (_T)
285,"The Believers are but a single Brotherhood: So make peace and reconciliation between your two (contending) brothers; and fear Allah, that ye may receive Mercy.","मोमिन तो भाई-भाई ही है। अतः अपने दो भाईयो के बीच सुलह करा दो और अल्लाह का डर रखो, ताकि तुमपर दया की जाए"
286,Search for the Contact.,संपर्क के लिए खोजें.
287,"Does he give you a promise that when you are dead and turned to dust and bones, you will be raised to life again?",क्या यह तुमसे वादा करता है कि जब तुम मरकर मिट्टी और हड़्डियाँ होकर रह जाओगे तो तुम निकाले जाओगे?
288,Have you not considered those to whom a portion of the Book has been given? They buy error and desire that you should go astray from the way.,(ऐ रसूल) क्या तूमने उन लोगों के हाल पर नज़र नहीं की जिन्हें किताबे ख़ुदा का कुछ हिस्सा दिया गया था (मगर) वह लोग (हिदायत के बदले) गुमराही ख़रीदने लगे उनकी ऐन मुराद यह है कि तुम भी राहे रास्त से बहक जाओ
289,Mailbox,डाक डिब्बा
290,They will question you about the mountains. Say: 'My Lord will scatter them as ashes,(और ऐ रसूल) तुम से लोग पहाड़ों के बारे में पूछा करते हैं (कि क़यामत के रोज़ क्या होगा)
291,Answer,उत्तर
292,Copying folder %s,%s फ़ोल्डर नक़ल कर रहा है
293,Purposes,उद्देश्य
294,"A [gradually] sent down [revelation] from the All-beneficent, the All-merciful,",(ये किताब) रहमान व रहीम ख़ुदा की तरफ से नाज़िल हुई है ये (वह) किताब अरबी क़ुरान है
295,Fox Creek,"फ़ॉक्स क्रीकCity name (optional, probably does not need a translation)"
296,Dependencies (Graphic),डिपेंडेेंसीज़ (ग्राफ़िक)
297,Other application,अन्य अनुप्रयोग
298,Archived,अभिलेखित@ info: whatsthis
299,Failed to remove '%s': %s,'%s' को हटाने में विफल: %s
300,Parentheses Around,चारों ओर कोष्ठक
301,"Reclining therein on raised couches, they shall find therein neither (the severe heat of) the sun nor intense cold.","उसमें वे तख़्तों पर टेक लगाए होंगे, वे उसमें न तो सख़्त धूप देखेंगे औ न सख़्त ठंड़"
302,Canceled,रद्द
303,Developer and maintainer,डेवलपर तथा मेंटेनर
304,"Go ahead, come on down!","ठीक है, नीचे आ जाओ!"
305,"To the orphan with claims of relationship,","किसी निकटवर्ती अनाथ को,"
306,Absolutely.,बिल्कुल.
307,Same as you.,तुम्हारी तरह.
308,^Install Ubuntu Server,उबुन्टू सर्वर ^संस्थापित करे
309,& Calculate,गणना करें (C)
310,Start receiving,प्राप्त करना प्रारंभ करें
311,unknown@nowhere,unknown@ nowhere
312,I'm Lisa.,मैं लिसा हूँ.
313,A servant when he prays?,जो एक बन्दे को जब वह नमाज़ पढ़ता है तो वह रोकता है
314,"Alif-Lam-Mim. [These letters are one of the miracles of the Quran, and none but Allah (Alone) knows their meanings.]",अलिफ़॰ लाम॰ मीम॰
315,She knows nothing about your family.,उसे तुम्हारे परिवार के बारे में कुछ नहीं पता.
316,"He responds to those who believe and do good deeds, and gives them more of His bounty; agonizing torment awaits the deniers of the truth.","और वह उन लोगों की प्रार्थनाएँ स्वीकार करता है जो ईमान लाए और उन्होंने अच्छे कर्म किए। और अपने उदार अनुग्रह से उन्हें और अधिक प्रदान करता है। रहे इनकार करनेवाले, तो उनके लिए कड़ा यातना है"
317,The Imminent is near at hand;,निकट आनेवाली (क़ियामत की घड़ी) निकट आ गई
318,"No, not triangles.","नहीं, त्रिकोण नहीं।"
319,Do not read the pregaps at the end of every track,प्रत्येक ट्रैक के अंत में प्रीगेप्स को नहीं पढ़ें
320,"When that's done,","यह काम होने पर,"
321,Modify Identification,पहचान परिवर्धित करें
322,(GUN CLICKING),(बंदूक क्लिक)
323,"They bid thee hasten on the doom, when lo! hell verily will encompass the disbelievers",ये लोग तुमसे अज़ाब की जल्दी करते हैं और ये यक़ीनी बात है कि दोज़ख़ काफिरों को (इस तरह) घेर कर रहेगी (कि रुक न सकेंगे)
324,"This is wrong. This is all wrong, man.",यह गलत है के सभी गलत!
325,"Indeed in this is surely a sign, and most of them were not Muslims.",निस्संदेह इसमें एक बड़ी निशानी है। इसपर भी उनमें से अधिकतर माननेवाले नहीं
326,"If We willed, We could make it bitter, so why are you not grateful?",अगर हम चाहें तो उसे खारी बना दें तो तुम लोग यक्र क्यों नहीं करते
327,Failed to retrieve your personal information from the server.,सर्वर से आपकी व्यक्तिगत जानकारी को पुनः प्राप्त करने में विफल.
328,"In the Law of Equality there is (saving of) Life to you, o ye men of understanding; that ye may restrain yourselves.",और ऐ अक़लमनदों क़सास (के क़वाएद मुक़र्रर कर देने) में तुम्हारी ज़िन्दगी है (और इसीलिए जारी किया गया है ताकि तुम ख़ूंरेज़ी से) परहेज़ करो
329,"And of His signs is that He sends the winds as bringers of good tidings and to let you taste His mercy and so the ships may sail at His command and so you may seek of His bounty, and perhaps you will be grateful.",उसी की (क़ुदरत) की निशानियों में से एक ये भी है कि वह हवाओं को (बारिश) की ख़ुशख़बरी के वास्ते (क़ब्ल से) भेज दिया करता है और ताकि तुम्हें अपनी रहमत की लज्ज़त चखाए और इसलिए भी कि (इसकी बदौलत) कश्तियां उसके हुक्म से चल खड़ी हो और ताकि तुम उसके फज़ल व करम से (अपनी रोज़ी) की तलाश करो और इसलिए भी ताकि तुम शुक्र करो
330,"And did they not see the birds above them, spreading and closing their wings? None except the Most Gracious holds them up; indeed He sees all things.",क्या उन लोगों ने अपने सरों पर चिड़ियों को उड़ते नहीं देखा जो परों को फैलाए रहती हैं और समेट लेती हैं कि ख़ुदा के सिवा उन्हें कोई रोके नहीं रह सकता बेशक वह हर चीज़ को देख रहा है
331,Rights Management,रंग प्रबंधन
332,%s wishes to add to an existing task:,%s मौजूदा कार्य में जोड़ना चाहता है:
333,Hang up,हैंग अप
334,_Tasks,कार्य (_T)
335,"Watch out, world!","इंतज़ार कीजिए, दुनिया वालो!"
336,The likes of whom had never been created in the land?,वे ऐसे थे जिनके सदृश बस्तियों में पैदा नहीं हुए
337,"Enter your hand into the opening of your bosom, it will come forth white without evil, and draw your hand to yourself to ward off fear: so these two shall be two arguments from your Lord to Firon and his chiefs, surely they are a transgressing people.","अपना हाथ अपने गिरेबान में डाल। बिना किसी ख़राबी के चमकता हुआ निकलेगा। और भय के समय अपनी भुजा को अपने से मिलाए रख। ये दो निशानियाँ है तेरे रब की ओर से फ़िरऔन और उसके दरबारियों के पास लेकर जाने के लिए। निश्चय ही वे बड़े अवज्ञाकारी लोग है।"""
338,PV_ANNUITY(amount; interest; periods),PV_ ANNUITY( रकम; ब्याज; अवधि)
339,KTTS has not yet been configured. At least one Talker must be configured. Would you like to configure it now?,पाठ- से- वार्ता प्रबंधक
340,Failed to find Autodiscover element,स्वतः खोज तत्व ढूँढ़ने में विफल
341,"indeed what you are promised is true,",कि तुम से जो वायदा किया जाता है ज़रूर बिल्कुल सच्चा है
342,"Is it not a guidance for them (to know) how many a generation We destroyed before them, amid whose dwellings they walk? Lo! therein verily are signs for men of thought.",तो क्या उन (अहले मक्का) को उस (खुदा) ने ये नहीं बता दिया था कि हमने उनके पहले कितने लोगों को हलाक कर डाला जिनके घरों में ये लोग चलते फिरते हैं इसमें शक नहीं कि उसमें अक्लमंदों के लिए (कुदरते खुदा की) यक़ीनी बहुत सी निशानियाँ हैं
343,"At the base of that wall, you'll find a rock that has no earthly business in a Maine hayfield.","उस दीवार के नीचे, एक पत्थर मिलेगा"
344,"When they dishonoured their pledge We condemned them, and hardened their hearts. So they distort the words of the Scripture out of context, and have forgotten some of what they were warned against. You will always hear of treachery on their part except that of a few. But forbear and forgive them, for God loves those who do good.","फिर उनके बार-बार अपने वचन को भंग कर देने के कारण हमने उनपर लानत की और उनके हृदय कठोर कर दिए। वे शब्दों को उनके स्थान से फेरकर कुछ का कुछ कर देते है और जिनके द्वारा उन्हें याद दिलाया गया था, उसका एक बड़ा भाग वे भुला बैठे। और तुम्हें उनके किसी न किसी विश्वासघात का बराबर पता चलता रहेगा। उनमें ऐसा न करनेवाले थोड़े लोग है, तो तुम उन्हें क्षमा कर दो और उन्हें छोड़ो। निश्चय ही अल्लाह को वे लोग प्रिय है जो उत्तमकर्मी है"
345,That ship that appeared last night.,कल रात को दिखाई दिया कि उस जहाज.
346,What are you gonna do now?,तुम अब क्या करोगे?
347,Error: could not parse location string:,त्रुटि: स्थान स्ट्रिंग की व्याख्या नहीं की जा सकी:
348,"Do they not see how many of the generations We have destroyed before them? Verily, they will not return to them.",क्या उन्होंने नहीं देखा कि उनसे पहले कितनी ही नस्लों को हमने विनष्ट किया कि वे उनकी ओर पलटकर नहीं आएँगे?
349,Could not add the files to the archive,फ़ाइलों को अभिलेख में जोड़ नहीं सका
350,"To God belongs what is in the heavens and what is on earth, and God encompasses everything.",और जो कुछ आसमानों में है और जो कुछ ज़मीन में है (ग़रज़ सब कुछ) ख़ुदा ही का है और ख़ुदा ही सब चीज़ को (अपनी) कुदरत से घेरे हुए है
351,"Your Lord is best aware of what is in your hearts. If you are righteous, He will indeed forgive those who relent and revert (to serving Allah).",इसी तरह तू भी इन पर रहम फरमा तुम्हारे दिल की बात तुम्हारा परवरदिगार ख़ूब जानता है अगर तुम (वाक़ई) नेक होगे और भूले से उनकी ख़ता की है तो वह तुमको बख्श देगा क्योंकि वह तो तौबा करने वालों का बड़ा बख़शने वाला है
352,Wallis and Futuna,वालिस तथा फुतुनाName
353,Simple Free/Busy,सरल खाली/व्यस्तPermissions
354,"and admit them, Lord, to the Eternal Garden You have promised to them, together with their righteous ancestors, spouses, and offspring: You alone are the Almighty; the All Wise.","ऐ हमारे रब! और उन्हें सदैव रहने के बागों में दाख़िल कर जिनका तूने उनसे वादा किया है और उनके बाप-दादा और उनकी पत्नि यों और उनकी सन्ततियों में से जो योग्य हुए उन्हें भी। निस्संदेह तू प्रभुत्वशाली, अत्यन्त तत्वदर्शी है"
355,ARA,आराConstellation name (optional)
356,Copy the selected text to the clipboard,चयनित पाठ को क्लिपबोर्ड पर कॉपी करें
357,"(This is) the truth from your Lord, so be not of those who doubt.","यह हक़ तुम्हारे रब की ओर से हैं, तो तुम संदेह में न पड़ना"
358,List,सूची
359,Display the type column in the main window.,प्रदर्शक क़िस्म स्तंभ इंच मुख्य विंडो.
360,For those who fear their Lord in secret is forgiveness and a great reward.,बेशक जो लोग अपने परवरदिगार से बेदेखे भाले डरते हैं उनके लिए मग़फेरत और बड़ा भारी अज्र है
361,Default Sync Address:,तयशुदा तुल्यकालित पता:
362,All vitals on Cobra Commander are steady.,कोबराकमांडरपरसभीनब्ज स्थिर हैं.
363,"Then Satan said, ""Because you have made me go astray, I shall certainly try to seduce people into straying from the right path.",फ़रमाया (अच्छा मंजूर) तुझे ज़रूर मोहलत दी गयी कहने लगा चूँकि तूने मेरी राह मारी तो मैं भी तेरी सीधी राह पर बनी आदम को (गुमराह करने के लिए) ताक में बैठूं तो सही
364,Korean (_JOHAB),कोरियाई (_JOHAB)
365,"This box can be used to specify the units of the final amount of the substance. e. g. grams, pounds, etc.",यह तत्व का स्पेक्ट्रम है
366,"and that everyone shall have in his account only that which he worked for,",और यह कि मनुष्य के लिए बस वही है जिसके लिए उसने प्रयास किया;
367,"It won't affect our abilities, just our appearance.","यह हमारी क्षमताओं का प्रभाव नहीं है, बस अपनी उपस्थिति देंगे."
368,Delivering a message.,फिर पेश करती है याददिहानी
369,Mark Message as & New,संदेश को नया चिह्नित करें (N)
370,"Remember when We made a covenant with the Children of Israel, ""Worship none but God and be good to your parents and to relatives and orphans and the needy. And speak kindly to people. Attend to your prayers and pay the zakat [prescribed alms]."" But with the exception of a few, you turned away [in aversion] and paid no heed.",और (वह वक्त याद करो) जब हमने बनी ईसराइल से (जो तुम्हारे बुर्जुग़ थे) अहद व पैमान लिया था कि खुदा के सिवा किसी की इबादत न करना और माँ बाप और क़राबतदारों और यतीमों और मोहताजों के साथ अच्छे सुलूक करना और लोगों के साथ अच्छी तरह (नरमी) से बातें करना और बराबर नमाज़ पढ़ना और ज़कात देना फिर तुममें से थोड़े आदिमियों के सिवा (सब के सब) फिर गए और तुम लोग हो ही इक़रार से मुँह फेरने वाले
371,"and the angels will stand on the sides, with eight of them bearing aloft the Throne of your Lord on that Day.",और तुम्हारे परवरदिगार के अर्श को उस दिन आठ फ़रिश्ते अपने सरों पर उठाए होंगे
372,"Author (read, create)","लेखक (पढे, बनायें)"
373,Failed to decrypt MIME part: protocol error,MIME हिस्से के विगोपन में विफल: प्रोटोकाल त्रुटि
374,"Saying: ""Restore to me the Servants of Allah: I am to you an messenger worthy of all trust;",(और कहा) कि ख़ुदा के बन्दों (बनी इसराईल) को मेरे हवाले कर दो मैं (ख़ुदा की तरफ से) तुम्हारा एक अमानतदार पैग़म्बर हूँ
375,Did We give them a Scripture before this to which they are holding fast?,या हमने उनको उससे पहले कोई किताब दी थी कि ये लोग उसे मज़बूत थामें हुए हैं
376,Mr. President?,अध्यक्ष महोदय?
377,Odessa is a better game. Really.,ओडेसा एक बढ़िया खेल है. सच में.
378,"In order to confirm the truth and nullify falsehood, even though the guilty dislike it.","ताकि सत्य को सत्य कर दिखाए और असत्य को असत्य, चाहे अपराधियों को कितना ही अप्रिय लगे"
379,And the Day when We will raise from every nation an army that denies Our signs – so the former groups will be held back for the latter to join them.,और (उस दिन को याद करो) जिस दिन हम हर उम्मत से एक ऐसे गिरोह को जो हमारी आयतों को झुठलाया करते थे (ज़िन्दा करके) जमा करेंगे फिर उन की टोलियाँ अलहदा अलहदा करेंगे
380,"Hey, wait a minute.","अरे, एक मिनट रुको."
381,"Alas, you love the fleeting life.",मगर (लोगों) हक़ तो ये है कि तुम लोग दुनिया को दोस्त रखते हो
382,It's one big baby con-spy-racy!,यह बच्चों की एक बहुत बड़ी साज़िश है!
383,Parana,परानाbrazil. kgm
384,Could not delete folder '%s': %s,'%s' फ़ोल्डर विलोपित नहीं कर सकता है: %s
385,This message is not signed. There is no guarantee that this message is authentic.,यह संदेश हस्ताक्षरित नहीं है. इसकी कोई गारंटी नहीं है कि यह संदेश सत्यापित है.
386,FRANCK:,FRANCK:
387,"So remember Me, and I will remember you. And thank Me, and do not be ungrateful.","अतः तुम मुझे याद रखो, मैं भी तुम्हें याद रखूँगा। और मेरा आभार स्वीकार करते रहना, मेरे प्रति अकृतज्ञता न दिखलाना"
388,_Read,पढ़ें (_R)
389,"And you will surely know [the truth of] its information after a time.""",और कुछ दिनों बाद तुमको इसकी हक़ीकत मालूम हो जाएगी
390,-Yes,-हाँ
391,What are you saying?,आप क्या कह रहे हैं?
392,Draw lines and +/- expanders.,पंक्ति खींचें और +/- विस्तारक.
393,"Is not He (better than your so-called gods) Who originates creation, and shall thereafter repeat it, and Who provides for you from heaven and earth? Is there any ilah (god) with Allah? Say, ""Bring forth your proofs, if you are truthful.""","या वह जो सृष्टि का आरम्भ करता है, फिर उसकी पुनरावृत्ति भी करता है, और जो तुमको आकाश और धरती से रोज़ी देता है? क्या अल्लाह के साथ कोई और प्रभ पूज्य है? कहो, ""लाओ अपना प्रमाण, यदि तुम सच्चे हो।"""
394,%a %m/%d/%Y %I:%M %p,%a %m/%d/%Y %I:%M %p
395,"He's got that perverted sense of honour, reckless sense of confrontation, they love that.","वह सम्मान की कि विकृत भावना मिल गया है, टकराव की लापरवाह भावना, वे कहते हैं कि प्यार."
396,Find Previous,पिछला ढूंढें
397,Who goes there?,वहाँ कौन है?
398,"Who know that they have to meet their Lord, and that it is to Him they are to return.",कि वह अपने परवरदिगार की बारगाह में हाज़िर होंगे और ज़रूर उसकी तरफ लौट जाएँगे
399,"1.4x3.5in, 36x89mm (Large address)","1. 4x3. 5in, 36x89mm (बड़ा पता)"
400,Show the title column,सिर्फ शीर्षक कॉलम दिखाएँ
401,Atlantic/Reykjavik,एटलांटिक/रीक्याज्विक
402,Sheet Feeder,शीट फीडर
403,"on the Day when consciences are examined,",जिस दिन दिलों के भेद जाँचे जाएँगे
404,A_dd Attachment...,संलग्नक जोड़ें (_A)...
405,Sometimes.,कभी कभी।
406,No Notes,कोई टिप्पणी नहीं
407,Monthly estimates,मासिक प्राक्कलन
408,An error occurred while writing to disc,डिस्क में लिखने के दौरान त्रुटि आई
409,I know them well.,मैं उन्हें अच्छी तरह से पता है।
410,"But those who are faithless and deny Our signs, they shall be the inmates of the Fire and they shall remain in it [forever].","और जिन लोगों ने इनकार किया और हमारी आयतों को झुठलाया, वहीं आग में पड़नेवाले हैं, वे उसमें सदैव रहेंगे"
411,Rwanda,रवांडा
412,"And Allah did not bestow this victory except for your happiness, and only that your hearts may attain peace with it; and there is no help except from Allah, the Almighty, the Wise.",और ताकि इससे तुम्हारे दिल की ढारस हो और (ये तो ज़ाहिर है कि) मदद जब होती है तो ख़ुदा ही की तरफ़ से जो सब पर ग़ालिब (और) हिकमत वाला है
413,I'm going to sleep.,मैं सोने जा रहा हूँ.
414,Program directory '%s' is not local,प्रोग्राम निर्देशिका से. है नहीं स्थानीय
415,What do you know what the Day of Judgement is?,और तुम्हें क्या मालूम कि वह फ़ैसले का दिन क्या है? -
416,RSVP,संपर्क करें
417,Finishing…,समाप्त कर रहा है...
418,"And Moosa prayed, “Our Lord! You have given Firaun and his chiefs adornment and wealth in the life of this world, our Lord, that they may lead astray from Your path; our Lord! Destroy their riches and harden their hearts so that they may not accept faith until they witness the painful punishment.”","मूसा ने कहा, ""हमारे रब! तूने फ़िरऔन और उसके सरदारों को सांसारिक जीवन में शोभा-सामग्री और धन दिए है, हमारे रब, इसलिए कि वे तेरे मार्ग से भटकाएँ! हमारे रब, उनके धन नष्ट कर दे और उनके हृदय कठोर कर दे कि वे ईमान न लाएँ, ताकि वे दुखद यातना देख लें।"""
419,Hearts on that Day will be throbbing;,"कितने ही दिल उस दिन काँप रहे होंगे,"
420,Connection closed by remote host.,रिमोट होस्ट द्वारा कनेक्शन बन्द किया गया.
421,So?,तो?
422,Then We shall deliver those that feared Allah and leave the wrong-doers there on their knees.,फिर हम परहेज़गारों को बचाएँगे और नाफ़रमानों को घुटने के भल उसमें छोड़ देंगे
423,"Or, has He daughters, and they sons?",या उस (अल्लाह) के लिए बेटियाँ है और तुम्हारे अपने लिए बेटे?
424,Usage: %1INVITE < nick > [channel],उपयोग: INVITE <\ �\ �\ �\ �\ �\ �\ �\ �\ � > [चैनल]
425,"And We wronged them not but they wronged themselves. So their gods, whom they called upon beside Allah, availed them not in aught, when there came the decree of thy Lord, and they added unto them naught but perdition.","हमने उनपर अत्याचार नहीं किया, बल्कि उन्होंने स्वयं अपने आप पर अत्याचार किया। फिर जब तेरे रब का आदेश आ गया तो उसके वे पूज्य, जिन्हें वे अल्लाह से हटकर पुकारा करते थे, उनके कुछ भी काम न आ सके। उन्होंने विनाश के अतिरिक्त उनके लिए किसी और चीज़ में अभिवृद्धि नहीं की"
426,Sean!,शॉन!
427,San!,सैन!
428,Creates the unity matrix of the given dimension.,दिए गए आयाम का यूनिटी माट्रिक्स बनाता है.
429,"""%s"" expects the first argument to be a string","""%s"" पहले तर्क की स्ट्रिंग होने की आशा करता"
430,File Path,हिस्सा ढूंढेंName
431,Mes_sage:,संदेश: (_s)
432,The people of Noah cried lies to the Envoys,(यूँ ही) नूह की क़ौम ने पैग़म्बरो को झुठलाया
433,Whether or not to fall back on threading by subjects when the messages do not contain In-Reply-To or References headers.,क्या विषय पर फाल बैक होना है या नहीं जब संदेश में In-Reply-To या संदर्भ शीर्षिका समाहित नहीं है.
434,So we unlock your gift with anger.,हमक्रोधके साथअपनेउपहारखोलाहै.
435,"How will ye disbelieve in Allah whereas ye were lifeless and he quickened you; thereafter He will cause you to die, thereafter He will give you life, thereafter unto Him ye shall be returned!","(हाँए) क्यों कर तुम खुदा का इन्कार कर सकते हो हालाँकि तुम (माओं के पेट में) बेजान थे तो उसी ने तुमको ज़िन्दा किया फिर वही तुमको मार डालेगा, फिर वही तुमको (दोबारा क़यामत में) ज़िन्दा करेगा फिर उसी की तरफ लौटाए जाओगे"
436,And Ishmael and Elisha and Jonah and Lot - and all [of them] We preferred over the worlds.,और इसमाइल व इलियास व युनूस व लूत (की भी हिदायत की) और सब को सारे जहाँन पर फज़ीलत अता की
437,Type id expected,टाइप आईडी प्रत्याशित
438,"""There is no blame on you today,"" he said, ""May God forgive you. He is the most merciful of all.","उसने कहा, ""आज तुमपर कोई आरोप नहीं। अल्लाह तुम्हें क्षमा करे। वह सबसे बढ़कर दयावान है।"
439,undefined,अपारिभाषित
440,_Destination folder:,गंतव्य फ़ोल्डर: (_D)
441,Failed to retrieve message,संदेश प्राप्त करने में असफल
442,No danger of that.,इस बात का कोई खतरा नहीं.
443,Roman,कमांड
444,(You are being lured by this ephemeral world) although Allah calls you to the abode of peace and guides whomsoever He wills to a straightway.,और ख़ुदा तो आराम के घर (बेहश्त) की तरफ बुलाता है और जिसको चाहता है सीधे रास्ते की हिदायत करता है
445,Extract archive,अभिलेख निकालेंDate Modified
446,Empathy default download folder,Empathy तयशुदा डाउनलोड फ़ोल्डर
447,"So eat of (meats) on which Allah's name hath been pronounced, if ye have faith in His signs.","अतः जिसपर अल्लाह का नाम लिया गया हो, उसे खाओ; यदि तुम उसकी आयतों को मानते हो"
448,"And it was inspired in Noah, (saying): No-one of thy folk will believe save him who hath believed already. Be not distressed because of what they do.",और नूह के पास ये 'वही' भेज दी गई कि जो ईमान ला चुका उनके सिवा अब कोई शख़्श तुम्हारी क़ौम से हरगिज़ ईमान न लाएगा तो तुम ख्वाहमा ख्वाह उनकी कारस्तानियों का (कुछ) ग़म न खाओ
449,"Did they not see that it cannot return a word to them, and has no power to harm them or benefit them?",क्या वे देखते न थे कि न वह किसी बात का उत्तर देता है और न उसे उनकी हानि का कुछ अधिकार प्राप्त है और न लाभ का?
450,_Print...,मुद्रित करें... (_P)
451,"(Because) they perform the vow and fear a day whereof the evil is wide-spreading,","वे नज़र (मन्नत) पूरी करते है और उस दिन से डरते है जिसकी आपदा व्यापक होगी,"
452,"And I will give them time. Indeed, My plan is firm.",मैं उन्हें ढील दे रहा हूँ। निश्चय ही मेरी चाल बड़ी मज़बूत है
453,"Do you think that giving a drink of water to the pilgrims and going on a visit to the Sacred Mosque, is the same as believing in God and the Last Day, and striving in the cause of God? In the eyes of God it is not the same; and God does not show the unrighteous the way.",क्या तुम लोगों ने हाजियों की सक़ाई (पानी पिलाने वाले) और मस्जिदुल हराम (ख़ानाए काबा की आबादियों को उस शख़्स के हमसर (बराबर) बना दिया है जो ख़ुदा और रोज़े आख़ेरत के दिन पर ईमान लाया और ख़ुदा के राह में जेहाद किया ख़ुदा के नज़दीक तो ये लोग बराबर नहीं और खुदा ज़ालिम लोगों की हिदायत नहीं करता है
454,"You may well have seen when the sun came up it moved away to the right of the cave, and when it went down it turned away to the left, and they stayed in its open space. This was among the signs of God. Whoever is guided by God follows the right path; and whosoever goes astray will not find a guide to show him the way.","और तुम सूर्य को उसके उदित होते समय देखते तो दिखाई देता कि वह उनकी गुफा से दाहिनी ओर को बचकर निकल जाता है और जब अस्त होता है तो उनकी बाई ओर से कतराकर निकल जाता है। और वे है कि उस (गुफा) के एक विस्तृत स्थान में हैं। यह अल्लाह की निशानियों में से है। जिसे अल्लाह मार्ग दिखाए, वही मार्ग पानेवाला है और जिसे वह भटकता छोड़ दे उसका तुम कोई सहायक मार्गदर्शक कदापि न पाओगे"
455,Work,कार्य
456,"They pursued what the devils falsely attributed to the kingdom of Solomon. Solomon was not an unbeliever: it is the devils who are unbelievers. They taught people witchcraft, and that which was sent down to Harut and Marut, the two angels in Babylon. But these two taught no one until they had said, ""We are but a trial, therefore, do not disbelieve [in God's guidance]."" So men learnt from them that by which they caused discord between man and wife; but they harmed no one thereby, except by the command of God; [on the contrary], these people learned that which would harm them and do them no good, knowing full well that whoever acquired [this knowledge] would have no share in the Hereafter. Evil indeed was the [price] for which they sold their souls, if only they had known it.",जिसको सुलेमान के ज़माने की सलतनत में शयातीन जपा करते थे हालाँकि सुलेमान ने कुफ्र नहीं इख़तेयार किया लेकिन शैतानों ने कुफ्र एख़तेयार किया कि वह लोगों को जादू सिखाया करते थे और वह चीज़ें जो हारूत और मारूत दोनों फ़रिश्तों पर बाइबिल में नाज़िल की गई थी हालाँकि ये दोनों फ़रिश्ते किसी को सिखाते न थे जब तक ये न कह देते थे कि हम दोनों तो फ़क़त (ज़रियाए आज़माइश) है पस तो (इस पर अमल करके) बेईमान न हो जाना उस पर भी उनसे वह (टोटके) सीखते थे जिनकी वजह से मिया बीवी में तफ़रक़ा डालते हालाँकि बग़ैर इज्ने खुदावन्दी वह अपनी इन बातों से किसी को ज़रर नहीं पहुँचा सकते थे और ये लोग ऐसी बातें सीखते थे जो खुद उन्हें नुक़सान पहुँचाती थी और कुछ (नफा) पहुँचाती थी बावजूद कि वह यक़ीनन जान चुके थे कि जो शख्स इन (बुराईयों) का ख़रीदार हुआ वह आख़िरत में बेनसीब हैं और बेशुबह (मुआवज़ा) बहुत ही बड़ा है जिसके बदले उन्होंने अपनी जानों को बेचा काश (उसे कुछ) सोचे समझे होते
457,Show all jobs in a tree,सभी जॉब शाखाओं में दिखाएँ.
458,%{number},% {संख्या}
459,A word is shown at the top right of the board. A list of words will appear and disappear on the left. Does the given word belong to the list?,बोर्ड के उपर के हिस्से में दाहिनी ओंर एक शब्द दिखाया है. बांयी ओर से शब्दों की सूची दिखाके वापस अदृश्य हो जायेगी. दिया गया शब्द इस सूची मेंे है?
460,Search contacts,संपर्क खोजें
461,"On the Day We will say to Hell, ""Have you been filled?"" and it will say, ""Are there some more,""","जिस दिन हम जहन्नम से कहेंगे, ""क्या तू भर गई?"" और वह कहेगी, ""क्या अभी और भी कुछ है?"""
462,KDE USB Viewer,केडीई यूएसबी प्रदर्शक
463,"And when she heard of their gossip, she invited them, and prepared for them a banquet, and she gave each one of them a knife. She said, “Come out before them.” And when they saw him, they marveled at him, and cut their hands. They said, “Good God, this is not a human, this must be a precious angel.”","उसने जब उनकी मक्करी की बातें सुनी तो उन्हें बुला भेजा और उनमें से हरेक के लिए आसन सुसज्जित किया और उनमें से हरेक को एक छुरी दी। उसने (यूसुफ़ से) कहा, ""इनके सामने आ जाओ।"" फिर जब स्त्रियों ने देखा तो वे उसकी बड़ाई से दंग रह गई। उन्होंने अपने हाथ घायल कर लिए और कहने लगी, ""अल्लाह की पनाह! यह कोई मनुष्य नहीं। यह तो कोई प्रतिष्ठित फ़रिश्ता है।‍"""
464,New Map...,नया मैप... (n)
465,Corner 2:,किनारा 2:
466,"""And that I had never known, how my Account is?",और मुझे न मालूल होता कि मेरा हिसाब क्या है
467,The certificate has been revoked according to the connection's certificate revocation list.,कनेक्शन के प्रमाण पत्र रद्दीकरण सूची अनुसार प्रमाणपत्र रद्द कर दिया गया.
468,_Previous Page,पिछला पृष्ठ (_P)
469,_Calendar:,पंचांग: (_C)
470,"Hey, Stephen!","अरे, स्टीफन!"
471,Enable Show More button,ज्यादा दिखाएँ बटन सक्षम करें (h)
472,He said: The food which ye are given (daily) shall not come unto you but I shall tell you the interpretation ere it cometh unto you. This is of that which my Lord hath taught me. Lo! I have forsaken the religion of folk who believe not in Allah and are disbelievers in the Hereafter.,"उसने कहा, ""जो भोजन तुम्हें मिला करता है वह तुम्हारे पास नहीं आ पाएगा, उसके तुम्हारे पास आने से पहले ही मैं तुम्हें इसका अर्थ बता दूँगा। यह उन बातों में से है, जो मेरे रब ने मुझे सिखाई है। मैं तो उन लोगों का तरीक़ा छोड़कर, जो अल्लाह को नहीं मानते और जो आख़िरत (परलोक) का इनकार करते हैं,"
473,Task,कार्यiCalImp
474,Are you sure?,तुम्हें यकीन है?
475,"Then We placed it in a place of safety (womb),",फिर हमने उसको एक मुअय्यन वक्त तक
476,"""Myotonia Congenita.","""Myotonia जन्मजात"
477,& Samba server:,साम्बा सर्वरः (S)
478,"And for those who reject Faith and deny our Signs, there will be a humiliating Punishment.",और जिन लोगों ने कुफ्र एख्तियार किया और हमारी आयतों को झुठलाया तो यही वह (कम्बख्त) लोग हैं
479,"And the dwellers of the Elevations will call to men they recognize by their features, saying, “Your hoardings did not avail you, nor did your arrogance.”","और ये ऊँचाइयोंवाले कुछ ऐसे लोगों से, जिन्हें ये उनके लक्षणों से पहचानते हैं, कहेंगे, ""तुम्हारे जत्थे तो तुम्हारे कुछ काम न आए और न तुम्हारा अकड़ते रहना ही।"
480,Spanish (Nicaragua),स्पेनी (निकारागुआ)
481,Urn...,कलश...
482,"Their messengers came to them, from before them and from behind them, saying, “Do not worship anyone but God.” They said, “Had our Lord willed, He would have sent down angels; Therefore, we reject what you are sent with.”","जब उनके पास रसूल उनके आगे और उनके पीछे से आए कि ""अल्लाह के सिवा किसी की बन्दगी न करो।"" तो उन्होंने कहा, ""यदि हमारा रब चाहता तो फ़रिश्तों को उतार देता। अतः जिस चीज़ के साथ तुम्हें भेजा गया है, हम उसे नहीं मानते।"""
483,Indeed we hope our Lord will forgive us our offences for being the first to believe.’,"हमें तो इसी की लालसा है कि हमारा रब हमारी ख़ताओं को क्षमा कर दें, क्योंकि हम सबसे पहले ईमान लाए।"""
484,in degrees,एवरग्रीन
485,Change & background color:,वैकल्पिक पृष्ठभूमि रंग
486,12th Last,12वां अंतिम
487,"And verily, that is indeed a great oath, if you but know.","और यह बहुत बड़ी गवाही है, यदि तुम जानो -"
488,Days on which the start and end of work hours should be indicated.,दिन जिसपर कार्य घंटे की शुरूआत व अंत दिखाई जानी चाहिए.
489,And a tree that springeth forth from Mount Sinai that groweth oil and relish for the eaters.,और (हम ही ने ज़ैतून का) दरख्त (पैदा किया) जो तूरे सैना (पहाड़) में (कसरत से) पैदा होता है जिससे तेल भी निकलता है और खाने वालों के लिए सालन भी है
490,Showers Snow Fog/ Mist,बौछारें बरफ धुंध/ कोहराweather condition
491,Please let me see when you're online. Thanks!,मुझे देखने के लिए जब आप ऑनलाइन हो.धन्यवाद!
492,Move ~a onto the seven of diamonds.,ईंट का सत्ता
493,"Lo! those who ward off (evil), when a glamour from the devil troubleth them, they do but remember (Allah's Guidance) and behold them seers!",बेशक लोग परहेज़गार हैं जब भी उन्हें शैतान का ख्याल छू भी गया तो चौक पड़ते हैं फिर फौरन उनकी ऑखें खुल जाती हैं
494,Min Width,न्यूनतम चौड़ाई
495,Calling %s...,%s को कॉल कर रहा है...
496,"Have you not regarded that Allah is glorified by everyone in the heavens and the earth, and the birds spreading their wings. Each knows his prayer and glorification, and Allah knows best what they do.","क्या तुमने नहीं देखा कि जो कोई भी आकाशों और धरती में है, अल्लाह की तसबीह (गुणगान) कर रहा है और पंख पसारे हुए पक्षी भी? हर एक अपनी नमाज़ और तसबीह से परिचित है। अल्लाह भली-भाँति जाना है जो कुछ वे करते है"
497,'This is a troop rushing in with you; there is no Welcome for them; they shall roast in the Fire.',ये (तुम्हारी चेलों की) फौज भी तुम्हारे साथ ही ढूँसी जाएगी उनका भला न हो ये सब भी दोज़ख़ को जाने वाले हैं
498,"I need your help, son.","मुझे तुम्हारी मदद की जरूरत है, बेटे."
499,Please tell me!,बताओ मुझे!
500,Could not add message to folder:,संदेश को फ़ोल्डर पर जोड़ नहीं सका.
501,"But he's Himmler's adjutant, he must be here!",हमने उसे कई दिनों से देखा नहीं है.
502,Cale_ndar,पंचांग (_n)
503,Modifier key,परिवर्धक कुंजी
504,"Those whose hearts fear when Allah is mentioned, and those who patiently endure whatever befalls them, and those who keep the prayer established, and who spend part of what We have provided to them.",और (ऐ रसूल हमारे) गिड़गिड़ाने वाले बन्दों को (बेहश्त की) खुशख़बरी दे दो ये वह हैं कि जब (उनके सामने) खुदा का नाम लिया जाता है तो उनके दिल सहम जाते हैं और जब उनपर कोई मुसीबत आ पड़े तो सब्र करते हैं और नमाज़ पाबन्दी से अदा करते हैं और जो कुछ हमने उन्हें दे रखा है उसमें से (राहे खुदा में) ख़र्च करते हैं
505,"Surely, in this is a proclamation to a worshiping nation.",इसमें शक नहीं कि इसमें इबादत करने वालों के लिए (एहकामें खुदा की) तबलीग़ है
506,Set Word Spelling,पाठ लेबल
507,Add time stamp to the file name,फ़ाइल नाम में समय चिह्न जोड़ें
508,Jack?,जैक?
509,CHARLES:,चार्ल्स:
510,Scanning %s,%s स्कैन कर रहा है
511,& Java,जावा (J)
512,"The very first CokoonDecoration theme, for testing purposes",जांच के लिए पहला कोकून सजावटी प्रसंग
513,Operation cancelled,ऑपरेशन रद्द
514,No?,नहीं?
515,Even if it kills me.,यहां तक ​​कि यह मुझे मारता है।
516,"We provide them with the means of competing with each other in virtuous deeds, but they do not realize this.",(ऐसा नहीं) बल्कि ये लोग समझते नहीं
517,Indeed there have been examples before you; therefore travel in the earth and see what was the end of the rejecters.,तुमसे पहले बहुत से वाक़यात गुज़र चुके हैं पस ज़रा रूए ज़मीन पर चल फिर कर देखो तो कि (अपने अपने वक्त क़े पैग़म्बरों को) झुठलाने वालों का अन्जाम क्या हुआ
518,Do you want to create a new archive with these files?,कया आप इन फ़ाइलों के साथ नया अभिलेख बनाना चाहते हैं?
519,Cannot change value of calendar property '%s',पंचांग गुण '%s' का मान नहीं बदल सकते हैं
520,Any header,IMAP शीर्षिका
521,"Hey, bone saws bring it here.","अरे, हड्डी आरी इसे यहाँ ले आओ!"
522,Senapati,सेनदाईafrica. kgm
523,_Blank…,खाली (_B)
524,"But when he wanted to strike him who was an enemy of both of them, he said, ‘Moses, do you want to kill me, just like the one you killed yesterday? You only want to be a tyrant in the land, and you do not desire to be one who brings about reform.’",ग़रज़ जब मूसा ने चाहा कि उस शख्स पर जो दोनों का दुश्मन था (छुड़ाने के लिए) हाथ बढ़ाएँ तो क़िब्ती कहने लगा कि ऐ मूसा जिस तरह तुमने कल एक आदमी को मार डाला (उसी तरह) मुझे भी मार डालना चाहते हो तो तुम बस ये चाहते हो कि रुए ज़मीन में सरकश बन कर रहो और मसलह (क़ौम) बनकर रहना नहीं चाहते
525,And that which ye see not.,"हो और उन चीज़ों को भी जो तुम नहीं देखते,"
526,Reloading document from %s,दस्तावेज %s से फिर लोड कर रहा है
527,Search Interrupted,खोज बाधित
528,"Perchance thou mayest (feel the inclination) to give up a part of what is revealed unto thee, and thy heart feeleth straitened lest they say, ""Why is not a treasure sent down unto him, or why does not an angel come down with him?"" But thou art there only to warn! It is Allah that arrangeth all affairs!","तो शायद तुम उसमें से कुछ छोड़ बैठोगे, जो तुम्हारी ओर प्रकाशना रूप में भेजी जा रही है। और तुम इस बात पर तंगदिल हो रहे हो कि वे कहते है, ""उसपर कोई ख़ज़ाना क्यों नहीं उतरा या उसके साथ कोई फ़रिश्ता क्यों नहीं आया?"" तुम तो केवल सचेत करनेवाले हो। हर चीज़ अल्लाह ही के हवाले है"
529,Initializing...,मुख्य दृश्य इनिशियलाइज किया जा रहा है
530,"You will soon find others who seek security from you as well as from their own people, but when they are invited to return to idol worship, they do so enthusiastically. Thus, if they do not keep away from you nor come forward with a peace proposal nor desist from harming you, apprehend and slay them wherever you find them, for We have given you full control over them.","अब तुम कुछ ऐसे लोगों को भी पाओगे, जो चाहते है कि तुम्हारी ओर से निश्चिन्त होकर रहें और अपने लोगों की ओर से भी निश्चिन्त होकर रहे। परन्तु जब भी वे फ़साद और उपद्रव की ओर फेरे गए तो वे उसी में औधे जो गिरे। तो यदि वे तुमसे अलग-थलग न रहें और तुम्हारी ओर सुलह का हाथ न बढ़ाएँ, और अपने हाथ न रोकें, तो तुम उन्हें पकड़ो और क़त्ल करो, जहाँ कहीं भी तुम उन्हें पाओ। उनके विरुद्ध हमने तुम्हें खुला अधिकार दे रखा है"
531,Odessa,"ओडेसाCity name (optional, probably does not need a translation)"
532,- Shut up!,- चुप रहो!
533,"We shall leave them on that day surging like waves pressing one against the other, and the trumpet blast will be sounded, when We shall gather them all together.",और हम उस दिन (उन्हें उनकी हालत पर) छोड़ देंगे कि एक दूसरे में (टकरा के दरिया की) लहरों की तरह गुड़मुड़ हो जाएँ और सूर फूँका जाएगा तो हम सब को इकट्ठा करेंगे
534,Thaana,थाना
535,Lord,प्रभु
536,Prompt while marking multiple messages,बहुल संदेश चिह्नित करने के दौरान प्रांप्ट करें
537,Judgment will take place.,और (कर्मों का) बदला अवश्य सामने आकर रहेगा
538,"I found her and her people prostrating to the sun instead of Allah, and Satan has made their deeds seem decorous to them—thus he has barred them from the way [of Allah], so they are not guided—",मैंने उसे और उसकी क़ौम के लोगों को अल्लाह से इतर सूर्य को सजदा करते हुए पाया। शैतान ने उनके कर्मों को उनके लिए शोभायमान बना दिया है और उन्हें मार्ग से रोक दिया है - अतः वे सीधा मार्ग नहीं पा रहे है। -
539,Downloads,डाउनलोड्स
540,Al_ways Add Such File,ऐसी फाइलें हमेशा जोड़े (_w)
541,"Then, when the prayer is ended, disperse in the land and seek of Allah's grace, and remember Allah much, that haply ye may thrive.",फिर जब नमाज़ हो चुके तो ज़मीन में (जहाँ चाहो) जाओ और ख़ुदा के फज़ल (अपनी रोज़ी) की तलाश करो और ख़ुदा को बहुत याद करते रहो ताकि तुम दिली मुरादें पाओ
542,the six of hearts,लाल पान का छक्का
543,This is the new gun these people have contrived.,इस नई बंदूक इन लोगों काल्पनिक है.
544,Storing folder '%s','%s' फ़ोल्डर भंडारण कर रहा है
545,"And when they went in to Yusuf. he lodged his brother with himself, saying: I am your brother, therefore grieve not at what they do.",और जब ये लोग यूसुफ के पास पहुँचे तो यूसुफ ने अपने हक़ीक़ी (सगे) भाई को अपने पास (बग़ल में) जगह दी और (चुपके से) उस (इब्ने यामीन) से कह दिया कि मै तुम्हारा भाई (यूसुफ) हूँ तो जो कुछ (बदसुलूकियाँ) ये लोग तुम्हारे साथ करते रहे हैं उसका रंज न करो
546,Ins_pect/Evaluate…,Ins
547,Rebase,रिबेस
548,Start: 0,प्रारंभ: 0
549,Keep children away from medicine.,बच्चों को दवाईयों से दूर रखना चहिए।
550,So Allah seized him with the punishment of the hereafter and the former life.,तो ख़ुदा ने उसे दुनिया और आख़ेरत (दोनों) के अज़ाब में गिरफ्तार किया
551,Gardens and grapes.,(यानि बेहश्त के) बाग़ और अंगूर
552,'Taste! We shall increase you not save in chastisement.',"""अब चखो मज़ा कि यातना के अतिरिक्त हम तुम्हारे लिए किसी और चीज़ में बढ़ोत्तरी नहीं करेंगे। """
553,See them and soon they shall see.,और इनको देखते रहो तो ये लोग अनक़रीब ही (अपना नतीजा) देख लेगे
554,Delegate object for painting the actor's content,कर्ता के विषयवस्तु के पेंटिंग की प्रतिनिधि करने के लिए ऑब्जेक्ट
555,Evolution Mail and Calendar,एवोल्यूशन डाक और पंचांग
556,Mm.,मम.
557,This place is enormous.,मुझे लगता है कि यह एक बड़ा कमबख्त गलती है.
558,Unknown error,अज्ञातother user's foldersJohn Doe's Folders
559,You have not filled in all of the required information.,सभी जरूरी सूचनाओं को आपने नहीं भरा है.
560,Kolab Server,IMAP सर्वर %s
561,127 mm,% 1 मी
562,We have its location narrowed down to somewhere in this missile assembly building.,हम नीचे संकुचित इसके स्थान है कहीं इस मिसाइल विधानसभा भवन में करने के लिए.
563,"on that Day, to your Lord alone is the recourse.",उस रोज़ तुम्हारे परवरदिगार ही के पास ठिकाना है
564,All files,सभी फ़ाइलें
565,"He knows that which is before them and that which is behind them, and they do not intercede except for someone He approves of, and they are apprehensive for the fear of Him.","वह जानता है जो कुछ उनके आगे है और जो कुछ उनके पीछे है, और वे किसी की सिफ़ारिश नहीं करते सिवाय उसके जिसके लिए अल्लाह पसन्द करे। और वे उसके भय से डरते रहते है"
566,The people of Lot impugned the apostles,इसी तरह लूत की क़ौम ने पैग़म्बरों को झुठलाया
567,"Do they not see how God originates creation, then reproduces it? That surely is easy for God.",बस क्या उन लोगों ने इस पर ग़ौर नहीं किया कि ख़ुदा किस तरह मख़लूकात को पहले पहल पैदा करता है और फिर उसको दोबारा पैदा करेगा ये तो ख़ुदा के नज़दीक बहुत आसान बात है
568,"And how would ye deny Faith while unto you are rehearsed the Signs of Allah, and among you Lives the Messenger? Whoever holds firmly to Allah will be shown a way that is straight.","अब तुम इनकार कैसे कर सकते हो, जबकि तुम्हें अल्लाह की आयतें पढ़कर सुनाई जा रही है और उसका रसूल तुम्हारे बीच मौजूद है? जो कोई अल्लाह को मज़बूती से पकड़ ले, वह सीधे मार्ग पर आ गया"
569,"You can save her, Kal.","आप सुरक्षित उसे, कल कर सकते हैं."
570,"Cannot open ""%s"". There is no plugin, default action, or application configured to handle this file type. MIME type: %s You may choose to try opening it with the following plugins or applications.",खोलें से. नहीं है नहीं प्लगइन डिफ़ॉल्ट क्रिया या अनुप्रयोग विन्यस्त को यह फ़ाइल क़िस्म नहीं क़िस्म से. नहीं मई को खोला जा रहा है के साथ अनुसरण कर रहा है या अनुप्रयोग.
571,Other Date,अन्य तिथि
572,Cannot get folder '%s': not a regular file.,'%s' फ़ोल्डर नहीं प्राप्त कर सकता है: नियमित फ़ाइल नहीं है.
573,Remove,हटाएँ
574,You must name this Search Folder.,आप इस खोज फ़ोल्डर को जरूर नाम दें.
575,Yes. Water.,"जल स्लाइड, पानी स्लाइड."
576,Select Files,फ़ाइल चुनें
577,"It is not righteousness that ye turn your faces to the East and the West; but righteous is he who believeth in Allah and the Last Day and the angels and the Scripture and the prophets; and giveth wealth, for love of Him, to kinsfolk and to orphans and the needy and the wayfarer and to those who ask, and to set slaves free; and observeth proper worship and payeth the poor-due. And those who keep their treaty when they make one, and the patient in tribulation and adversity and time of stress. Such are they who are sincere. Such are the Allah-fearing.","नेकी केवल यह नहीं है कि तुम अपने मुँह पूरब और पश्चिम की ओर कर लो, बल्कि नेकी तो उसकी नेकी है जो अल्लाह अन्तिम दिन, फ़रिश्तों, किताब और नबियों पर ईमान लाया और माल, उसके प्रति प्रेम के बावजूद नातेदारों, अनाथों, मुहताजों, मुसाफ़िरों और माँगनेवालों को दिया और गर्दनें छुड़ाने में भी, और नमाज़ क़ायम की और ज़कात दी और अपने वचन को ऐसे लोग पूरा करनेवाले है जब वचन दें; और तंगी और विशेष रूप से शारीरिक कष्टों में और लड़ाई के समय में जमनेवाले हैं, तो ऐसे ही लोग है जो सच्चे सिद्ध हुए और वही लोग डर रखनेवाले हैं"
578,"And the doors of their houses and the couches on which they recline,",और उनके घरों के दरवाज़े भी और वे तख़्त भी जिनपर वे टेक लगाते
579,Summary contains,सारांश में समाहित है
580,"Soon you will remember what I tell you, and I entrust my affair to Allah. Indeed Allah watches His servants.’","अतः शीघ्र ही तुम याद करोगे, जो कुछ मैं तुमसे कह रहा हूँ। मैं तो अपना मामला अल्लाह को सौंपता हूँ। निस्संदेह अल्लाह की दृष्टि सब बन्दों पर है"
581,Open a video project adding the URIs given on the command line,URI जोड़ता हुआ वीडियो परियोजना खोलें कमांड लाइन पर
582,Remove the queen of diamonds.,ईंट का दहला हटाएँ.
583,"Click on the hat to open or close it. Under the hat, how many stars can you see moving around? Count carefully. :) Click in the bottom-right area to input your answer.",टोपीपर बटण दबाके आप उसे बंद अथवा खोल सकते है. टोपी के अंदर आप कितने घुमते सितारे देख सकते है? ध्यानसे गिने. :) निचे दाहिने भाग में आपका जवाब देने के लिये माउस का बटण दबाये.
584,Play a sound for new mail.,नये डाक हेतु आवाज बजाएं.
585,"the fire with its fuel,","ईधन भरी आगवाले,"
586,Select account to use to place the call,कॉल करने के लिए खाते का चयन करें
587,Indeed with hardship is ease.,निस्संदेह कठिनाई के साथ आसानी भी है
588,%s through %s has published the following meeting information:,%s के माध्यम %s ने निम्न बैठक सूचना प्रकाशित की है:
589,Write an image to a CD or DVD,सीडी- आर( डबल्यू) में सीडी इमेज लिखें
590,"Almost bursting for fury. Whenever a group is cast into it, its keeper shall ask them: Did there not come to you a warner?","ऐसा प्रतीत होगा कि प्रकोप के कारण अभी फट पड़ेगी। हर बार जब भी कोई समूह उसमें डाला जाएगा तो उसके कार्यकर्ता उनसे पूछेंगे, ""क्या तुम्हारे पास कोई सावधान करनेवाला नहीं आया?"""
591,Pneum - dist42,न्यूम - डिस्ट४२
592,Syncronize your local copy with the CVS tree,स्थानीय कॉपी करें के साथ सीवीएस ट्री
593,"And they indeed sought to shame his guest (by asking to commit sodomy with them). So We blinded their eyes, ""Then taste you My Torment and My Warnings.""","उन्होंने उसे फुसलाकर उसके पास से उसके अतिथियों को बलाना चाहा। अन्ततः हमने उसकी आँखें मेट दीं, ""लो, अब चखो मज़ा मेरी यातना और चेतावनियों का!"""
594,Jack is going to take care of the Overlook for us this winter.,जैक इस सर्दी में हमारे लिए ओवरलुक का ख्याल रखने जा रहा है.
595,"Know that your worldly possessions and your children are just a temptation, and that God has greater rewards with Him.",और जान रखो कि तुम्हारे माल और तुम्हारी संतान परीक्षा-सामग्री हैं और यह कि अल्लाह के पास बड़ा प्रतिदान है
596,Mengersgereuth-Hämern,"मेंगर्सग्रेयुथ- हैमेर्नCity name (optional, probably does not need a translation)"
597,"then, when He wills, He raises him.",फिर जब चाहेगा उसे (जीवित करके) उठा खड़ा करेगा। -
598,Every,प्रत्येक
599,Languages Table,भाषा सारणी
600,The believers fight for the cause of God. The unbelievers fight for the cause of the Satan. So fight against the friends of Satan for the evil plans of Satan are certainly weak.,"ईमान लानेवाले तो अल्लाह के मार्ग में युद्ध करते है और अधर्मी लोग ताग़ूत (बढ़े हुए सरकश) के मार्ग में युद्ध करते है। अतः तुम शैतान के मित्रों से लड़ो। निश्चय ही, शैतान की चाल बहुत कमज़ोर होती है"
601,Iranian Rial,इरानी रियालName
602,Interval,अंतराल
603,Fleets Destroyed,फ्लीट्स नष्ट
604,I have Cross' complete trust.,मैं क्रॉस 'पूरा भरोसा है।
605,Mark selected conflicted files as resolved,चिह्नित चयनित फ़ाइल जैसे
606,_Schedule Meeting...,बैठक अनुसूचन (_S)...
607,I promised Toki I'd bring you back.,नहीं! आप उनके पक्ष में हैं!
608,(We sent revelations to) the Messengers mentioned to you before and also to Messengers who have not been mentioned to you. God spoke to Moses in words.,"और कितने ही रसूल हुए जिनका वृतान्त पहले हम तुमसे बयान कर चुके है और कितने ही ऐसे रसूल हुए जिनका वृतान्त हमने तुमसे बयान नहीं किया। और मूसा से अल्लाह ने बातचीत की, जिस प्रकार बातचीत की जाती है"
609,"The guilty will be known by their marks, and will be taken by the forelocks and the feet.",गुनाहगार लोग तो अपने चेहरों ही से पहचान लिए जाएँगे तो पेशानी के पटटे और पाँव पकड़े (जहन्नुम में डाल दिये जाएँगे)
610,Whether calendar from Gnome Calendar has been imported or not,क्या ग्नोम पंचांग से पंचांग को आयात किया गया या नहीं
611,day,दिन@ info: whatsthis
612,"Used in conjunction with the ""-immed"" flag with cdrecord.","""-immed"" फ्लैग के साथ cdrecord के साथ प्रयुक्त"
613,I don't know how you did it.,मैं आप कैसे किया पता नहीं है.
614,I want more.,मैं और अधिक चाहते हैं.
615,I'm really sorry.,मैं माफी चाहता हूँ.
616,_Address Cards,पता कार्ड (_A)
617,Coupons per year,कूपन प्रति वर्ष
618,Right drag another line or left click to finish.,एक अन्य लकीर खींचने के लिए दायाँ माउस बटने से खींचें या सम्पन्न करने के लिए बायाँ क्लिक करें.
619,The file could not be saved as “%s”.,यह फ़ाइल बतौर “%s” सहेजा नहीं जा सका.
620,And declare thou Unto them that water hath been divided between them; every drinking shall be by turns.,"""और उन्हें सूचित कर दो कि पानी उनके बीच बाँट दिया गया है। हर एक पीने की बारी पर बारीवाला उपस्थित होगा।"""
621,"If God should take men to task for their evildoing, He would not leave on the earth one creature that crawls; but He is deferring them to a term stated; and when their term is come they shall not put it back by a single hour nor put it forward.",और अगर (कहीं) ख़ुदा अपने बन्दों की नाफरमानियों की गिरफ़त करता तो रुए ज़मीन पर किसी एक जानदार को बाक़ी न छोड़ता मगर वह तो एक मुक़र्रर वक्त तक उन सबको मोहलत देता है फिर जब उनका (वह) वक्त अा पहुँचेगा तो न एक घड़ी पीछे हट सकते हैं और न आगे बढ़ सकते हैं
622,"Do they not see the birds held (flying) in the midst of the sky? None holds them but Allah [none gave them the ability to fly but Allah]. Verily, in this are clear proofs and signs for people who believe (in the Oneness of Allah).",क्या उन्होंने पक्षियों को नभ मंडल में वशीभूत नहीं देखा? उन्हें तो बस अल्लाह ही थामें हुए होता है। निश्चय ही इसमें उन लोगों के लिए कितनी ही निशानियाँ है जो ईमान लाएँ
623,Open & links in new tab instead of in new window,नए विंडो के बजाए लिंक नए टैब में खोले (l)
624,"The day when their excuse availeth not the evil-doers, and theirs is the curse, and theirs the ill abode.",(उस दिन भी) जिस दिन ज़ालिमों को उनकी माज़ेरत कुछ भी फायदे न देगी और उन पर फिटकार (बरसती) होगी और उनके लिए बहुत बुरा घर (जहन्नुम) है
625,How do you know this?,तुम यह कैसे जानते हो?
626,"He said, “O Moses, I have chosen you over all people for My messages and for My Words. So take what I have given you, and be one of the thankful.”","उसने कहा, ""ऐ मूसा! मैंने दूसरे लोगों के मुक़ाबले में तुझे चुनकर अपने संदेशों और अपनी वाणी से तुझे उपकृत किया। अतः जो कुछ मैं तुझे दूँ उसे ले और कृतज्ञता दिखा।"""
627,Classifier file %1 does not exist,क्लासिफायर फ़ाइल% 1 उपलब्ध नहीं है
628,Unknown error,अज्ञात त्रुटि
629,EXCUSE ME.,मुझे माफ करना.
630,"UI Rewrite, lots of code cleanups and fixes","यूआई पुनर्लेखन, बहुत सारे कोड साफ सफाई तथा सुधार"
631,"But when He delivers them, behold, they commit violations on the earth unduly! O mankind! Your violations are only to your own detriment. [These are] the wares of the life of this world; then to Us will be your return, whereat We will inform you concerning what you used to do.",फिर जब ख़ुदा ने उन्हें नजात दी तो वह लोग ज़मीन पर (कदम रखते ही) फौरन नाहक़ सरकशी करने लगते हैं (ऐ लोगों तुम्हारी सरकशी का वबाल) तो तुम्हारी ही जान पर है - (ये भी) दुनिया की (चन्द रोज़ा) ज़िन्दगी का फायदा है फिर आख़िर हमारी (ही) तरफ तुमको लौटकर आना है तो (उस वक्त) हम तुमको जो कुछ (दुनिया में) करते थे बता देगे
632,desktop icon,डेस्कटॉप प्रतीक
633,Dative,निष्क्रियstate of a row
634,"Do not be like those who left their homes vainly and to show off to the people, and to bar [other people] from the way of Allah, and Allah comprehends what they do.","और उन लोगों की तरह न हो जाना जो अपने घरों से इतराते और लोगों को दिखाते निकले थे और वे अल्लाह के मार्ग से रोकते है, हालाँकि जो कुछ वे करते है, अल्लाह उसे अपने घेरे में लिए हुए है"
635,"And guard (yourselves) against a day when no soul will in aught avail another, nor will compensation be accepted from it, nor will intercession be of use to it; nor will they be helped.","और उस दिन से डरो, जब कोई न किसी के काम आएगा, न किसी की ओर से अर्थदंड स्वीकार किया जाएगा, और न कोई सिफ़ारिश ही उसे लाभ पहुँचा सकेगी, और न उनको कोई सहायता ही पहुँच सकेगी"
636,_Patch…,पैचेस
637,I promise you.,मैं तुमसे वादा करता हूँ.
638,"And by the even and the odd,",और ज़ुफ्त व ताक़ की
639,You're still alive?,तुम अब भी ज़िंदा हो?
640,It is He who sends down splendent revelations to His votary that he may take you out of darkness into light; for surely God is gracious and kind to you.,"वही है जो अपने बन्दों पर स्पष्ट आयतें उतार रहा है, ताकि वह तुम्हें अंधकारों से प्रकाश की ओर ले आए। और वास्तविकता यह है कि अल्लाह तुमपर अत्यन्त करुणामय, दयावान है"
641,Proxy login as &quot;{0}quot; was unsuccessful. Please check your email address and try again.,बतौर &quot;{0}quot; प्रॉक्सी लॉगिन असफल था. कृपया अपना ईमेल पता जाँचें और फिर कोशिश करें.
642,Failed to encode data,आंकड़ा इनकोड में विफल
643,_New Label,नया लेबल (_N)
644,is less than,इससे छोटा है
645,Take this clown for a walk.,टहलने के लिए इस जोकर लो.
646,libburn library could not be initialized,libburn लाइब्रेरी नहीं आरंभीकृत की जा सकी
647,"Then verily We shall narrate unto them (the event) with knowledge, for We were not absent (when it came to pass).",फिर हम उनसे हक़ीक़त हाल ख़ूब समझ बूझ के (ज़रा ज़रा) दोहराएगें
648,R_emove All Breakpoints,सभी खण्डन बिन्दु हटाएँ (_e)
649,"Surely this is my brother; he has ninety-nine ewes and I have a single ewe; but he said: Make it over to me, and he has prevailed against me in discourse.",(मुराद ये हैं कि) ये (शख्स) मेरा भाई है और उसके पास निनान्नवे दुम्बियाँ हैं और मेरे पास सिर्फ एक दुम्बी है उस पर भी ये मुझसे कहता है कि ये दुम्बी भी मुझी को दे दें और बातचीत में मुझ पर सख्ती करता है
650,Illogical expiration times.,इल्लाजिकल एक्सपायरेशन टाइम्स.
651,Cannot rename album root album,रूट एलबम का नाम बदला नहीं जा सकता
652,It is possible.,यह संभव है.
653,Yet they have assigned to Him a part of His own servants! Man is dearly unthankful.,उन्होंने उसके बन्दों में से कुछ को उसका अंश ठहरा दिया! निश्चय ही मनुष्य खुला कृतघ्न है
654,Heavy Drizzle Ice Pellets,भारी फुहार बर्फ पट्टीweather condition
655,These will kill forest monsters and pierce the thickest samurai armor.,राक्षसों और पियर्स सामुराई कवच मार डालेगा. खबरदार ! लेडी Eboshi दुनिया पर राज करना चाहता है!
656,"The word has certainly become due against most of them, so they will not have faith.",उनमें से अधिकतर लोगों पर बात सत्यापित हो चुकी है। अतः वे ईमान नहीं लाएँगे।
657,"And the angels who take those who wronged themselves will say: 'In what condition were you' They will reply 'We were oppressed in the land' They (the angels) will say: 'Was not the earth of Allah wide enough for you in order that you migrate in it' Those, their shelter will be Gehenna (Hell), an evil arrival.",बेशक जिन लोगों की क़ब्जे रूह फ़रिश्ते ने उस वक़त की है कि (दारूल हरब में पड़े) अपनी जानों पर ज़ुल्म कर रहे थे और फ़रिश्ते कब्जे रूह के बाद हैरत से कहते हैं तुम किस (हालत) ग़फ़लत में थे तो वह (माज़ेरत के लहजे में) कहते है कि हम तो रूए ज़मीन में बेकस थे तो फ़रिश्ते कहते हैं कि ख़ुदा की (ऐसी लम्बी चौड़ी) ज़मीन में इतनी सी गुन्जाइश न थी कि तुम (कहीं) हिजरत करके चले जाते पस ऐसे लोगों का ठिकाना जहन्नुम है और वह बुरा ठिकाना है
658,"No, I was just thinking about the boar god.",मैं कि सूअर के बारे में सोच रहा था...
659,an empty foundation pile,एक खाली संस्थापन के ढेर
660,Those whom they invoke besides Allah do not create anything and are themselves created.,और जो कुछ तुम छिपाकर करते हो और जो कुछ ज़ाहिर करते हो (ग़रज़) ख़ुदा (सब कुछ) जानता है और (ये कुफ्फार) ख़ुदा को छोड़कर जिन लोगों को (हाजत के वक्त) पुकारते हैं वह कुछ भी पैदा नहीं कर सकते
661,Whether the surface should match the allocation,क्या सतह का आवंटन से मेल चाहिए
662,Synchronize groupware notes,सम्पर्क सिंक्रोनाइज करें
663,EAST ROAD,आस्ट्रोConstellation name (optional)
664,Replace all,सब बदलें
665,"But when they forgot the warning they had received, We opened to them the gates of all (good) things, until, in the midst of their enjoyment of Our gifts, on a sudden, We called them to account, when lo! they were plunged in despair!",फिर जिसकी उन्हें नसीहत की गयी थी जब उसको भूल गए तो हमने उन पर (ढील देने के लिए) हर तरह की (दुनियावी) नेअमतों के दरवाज़े खोल दिए यहाँ तक कि जो नेअमतें उनको दी गयी थी जब उनको पाकर ख़ुश हुए तो हमने उन्हें नागाहाँ (एक दम) ले डाला तो उस वक्त वह नाउम्मीद होकर रह गए
666,And that certainly Our armies will be victorious.,और हमारा लश्कर तो यक़ीनन ग़ालिब रहेगा
667,Tab bar to switch activities,क्रिया स्विच करने के लिए टैबपट्टीName
668,Find your own ship.,अपने खुद के जहाज का पता लगाएं।
669,"And the moon - We have determined for it phases, until it returns [appearing] like the old date stalk.","और रहा चन्द्रमा, तो उसकी नियति हमने मंज़िलों के क्रम में रखी, यहाँ तक कि वह फिर खजूर की पूरानी टेढ़ी टहनी के सदृश हो जाता है"
670,"So, leave them until they face their day (of doom) when they will be stunned.",तो (ऐ रसूल) तुम इनको इनकी हालत पर छोड़ दो यहाँ तक कि वह जिसमें ये बेहोश हो जाएँगे
671,_Cancel Loading,लोड करना रद्द करें (_C)
672,Reset to:,रिसेट करें (_R)
673,Detect Outputs,आउटपुट जांचें
674,"The son replied: ""I will betake myself to a mountain, it will save me from the water."" Nuh (Noah) said: ""This day there is no saviourfrom the Decree of Allah except him on whom He has mercy."" And a wave came in between them, so he (the son) was among the drowned.",(मुझे माफ कीजिए) मै तो अभी किसी पहाड़ का सहारा पकड़ता हूँ जो मुझे पानी (में डूबने) से बचा लेगा नूह ने (उससे) कहा (अरे कम्बख्त) आज ख़ुदा के अज़ाब से कोई बचाने वाला नहीं मगर ख़ुदा ही जिस पर रहम फरमाएगा और (ये बात हो रही थी कि) यकायक दोनो बाप बेटे के दरमियान एक मौज हाएल हो गई और वह डूब कर रह गया
675,Could not get Camel storage path,कैश फाइल नहीं बना सका
676,Meskerem,मेहर काEthiopian month 2 - LongName
677,Empty Folder,जावास्क्रिप्ट (S)
678,"Yet they say: ""When will this promise come to pass? (Tell Us) if you speak the truth.""",और ये (कुफ्फ़ार मुसलमानों से) पूछते हैं कि अगर तुम सच्चे हो तो (आख़िर) ये (क़यामत या अज़ाब का) वायदा कब पूरा होगा
679,T_itle and Address,शीर्षक एवं पता (_T)
680,Contact the owner of the mailing list this message belongs to,उस डाक सूची के मालिक से संपर्क करें जिससे यह संदेश आ रहा है
681,I'm so fat.,मैं कितनी मोटी हूं।
682,You should sleep.,तुम्हें सोना चाहिए।
683,Boy...,बेटा...
684,"Then he followed the road,","उसने फिर एक अभियान का आयोजन किया,"
685,Brasero - Burning DVD (%i%% Done),ब्रैसेरो - डीवीडी लिख रहा है (%i%% संपन्न)
686,Peace be upon Elias.,कि (हर तरफ से) आले यासीन पर सलाम (ही सलाम) है
687,Couldn't get list of address books: %s,पता पुस्तिकाओं की सूची नहीं पा सका: %s
688,CVS: Remove file/directory,CVS: Remove file/directory
689,shall dwell in Paradise.,तो जन्नत ही उसका ठिकाना है
690,"O man, having striven hard towards your Lord, you shall meet Him:",और उस पर लाज़िम भी यही है (तो क़यामत आ जाएगी) ऐ इन्सान तू अपने परवरदिगार की हुज़ूरी की कोशिश करता है
691,"That Allah may reward the true men for their truth, and punish the hypocrites if He will, or relent toward them (if He will). Lo! Allah is Forgiving, Merciful.","ताकि इसके परिणामस्वरूप अल्लाह सच्चों को उनकी सच्चाई का बदला दे और कपटाचारियों को चाहे तो यातना दे या उनकी तौबा क़बूल करे। निश्चय ही अल्लाह बड़ी क्षमाशील, दयावान है"
692,decapascals,स्केल्स
693,"Three, two, one, go!",हाँ. शॉन ठीक है.
694,"Those whom they call upon, other than Him, have no power to intercede (for them), except those that have knowingly borne witness to the truth.","और जिन्हें वे उसके और अपने बीच माध्यम ठहराकर पुकारते है, उन्हें सिफ़ारिश का कुछ भी अधिकार नहीं, बस उसे ही यह अधिकार प्राप्त, है जो हक की गवाही दे, और ऐसे लोग जानते है।-"
695,Superman acted like some... rogue combatant to rescue her and people died.,सुपरमैन उसे बचाने के लिए कुछ ... बदमाश लड़नेवाला की तरह काम किया और लोगों की मौत हो गई।
696,2.3,2. 3
697,Accessible Name,पंहुचयोग्य नाम
698,Move!,चलिए !
699,Distraction.,व्याकुलता.
700,Show session management options,दिखाएँ सत्र प्रबंधन विकल्प
701,Whether this is the first time the application is run.,यह क्या पहली मर्तबा अनुप्रयोग चलाया जा रहा है. @ label
702,Are you okay?,तुम ठीक हो?
703,Attendees,उपस्थित
704,"And it is He who created the heavens and the earth in six days, and His Throne was upon the waters -- that He might try you, which one of you is fairer in works. And if thou sayest, 'you shall surely be raised up after death,' the unbelievers will say, 'This is naught but a manifest sorcery.'",और वह तो वही (क़ादिरे मुत्तलिक़) है जिसने आसमानों और ज़मीन को 6 दिन में पैदा किया और (उस वक्त) उसका अर्श (फलक नहुम) पानी पर था (उसने आसमान व ज़मीन) इस ग़रज़ से बनाया ताकि तुम लोगों को आज़माए कि तुममे ज्यादा अच्छी कार गुज़ारी वाला कौन है और (ऐ रसूल) अगर तुम (उनसे) कहोगे कि मरने के बाद तुम सबके सब दोबारा (क़ब्रों से) उठाए जाओगे तो काफ़िर लोग ज़रुर कह बैठेगें कि ये तो बस खुला हुआ जादू है
705,"And it is He Who created the night and the day, and the sun and the moon; each one floats in an orbit.",और वही वह (क़ादिरे मुत्तलिक़) है जिसने रात और दिन और आफ़ताब और माहताब को पैदा किया कि सब के सब एक (एक) आसमान में पैर कर चक्मर लगा रहे हैं
706,How to sort files,कैसे फ़ाइल को छाँटा जाए
707,Color of coordinate grid lines,निर्देशांक ग्रिड लाइनों के रंग
708,"'You, Samaritan' said he (Moses), 'what was your business'",तब सामरी से कहने लगे कि ओ सामरी तेरा क्या हाल है
709,"The width of the image captured from the camera, in pixels","कैमरा से लिया गया छवि की चौड़ाई, पिक्सेल में"
710,You can specify more options to configure the account.,आप खाता विन्यस्त करने के लिए अधिक विकल्प निर्दिष्ट कर सकते हैं.
711,Get down!,नीचे जाओ!
712,"O you who have believed, fear Allah and believe in His Messenger; He will [then] give you a double portion of His mercy and make for you a light by which you will walk and forgive you; and Allah is Forgiving and Merciful.","ऐ लोगों, जो ईमान लाए हो! अल्लाह का डर रखो और उसके रसूल पर ईमान लाओ। वह तुम्हें अपनी दयालुता का दोहरा हिस्सा प्रदान करेगा और तुम्हारे लिए एक प्रकाश कर देगा, जिसमें तुम चलोगे और तुम्हें क्षमा कर देगा। अल्लाह बड़ा क्षमाशील, अत्यन्त दयावान है"
713,So comfortable.,तोसहज
714,_Redo Move,चाल फिर चलें (_R)Reset
715,I_mport to Tasks,कार्य में आयात करें (_m)
716,"people will say, ""Is there anywhere to run away?""","उस दिन मनुष्य कहेगा, ""कहाँ जाऊँ भागकर?"""
717,Please select the information that you would like to import:,कृपया सूचना का चयन करें जिसे आप आयात करना चाहते हैं:
718,Fax number,फ़ैक्स क्रमांक
719,Importing Elm data,Elm आंकड़ा आयात कर रहा है
720,Not acceptable,स्वीकार्य नहीं
721,And all praise Unto Allah the Lord of the worlds.,और कुल तारीफ खुदा ही के लिए सज़ावार हैं जो सारे जहाँन का पालने वाला है
722,Dolj,europe. kgm
723,I'm hot!,मैं गर्म रहा हूँ!
724,"And We brought down from the sky blessed water, and produced with it gardens and grain to harvest.","और हमने आकाश से बरकतवाला पानी उतारा, फिर उससे बाग़ और फ़सल के अनाज।"
725,Could not create message.,संदेश नहीं लिखा सका
726,Check this out.,इस बाहर की जाँच करें.
727,Too many entries,बहुत सारी प्रविष्टियां
728,And certainly We know those of you who have gone before and We certainly know those who shall come later.,और बेशक हम ही ने तुममें से उन लोगों को भी अच्छी तरह समझ लिया जो पहले हो गुज़रे और हमने उनको भी जान लिया जो बाद को आने वाले हैं
729,"The power of Abu Lahab will perish, and he will perish.",अबु लहब के हाथ टूट जाएँ और वह ख़ुद सत्यानास हो जाए
730,We're leaving in two hours.,हम दो घंटे में जा रहे हैं.
731,"Whoso disbelieves in God, after he has believed -- excepting him who has been compelled, and his heart is still at rest in his belief -- but whosoever's breast is expanded in unbelief, upon them shall rest anger from God, and there awaits them a mighty chastisement;","जिस किसी ने अपने ईमान के पश्चात अल्लाह के साथ कुफ़्र किया -सिवाय उसके जो इसके लिए विवश कर दिया गया हो और दिल उसका ईमान पर सन्तुष्ट हो - बल्कि वह जिसने सीना कुफ़्र के लिए खोल दिया हो, तो ऐसे लोगो पर अल्लाह का प्रकोप है और उनके लिए बड़ी यातना है"
732,"Such is 'lsa, son of Maryam: this Is the word of truth wherein they are doubting.","सच्ची और पक्की बात की स्पष्ट से यह है कि मरयम का बेटा ईसा, जिसके विषय में वे सन्देह में पड़े हुए है"
733,Do you then see of them one remaining?,तू क्या इनमें से किसी को भी बचा खुचा देखता है
734,We have sent you forth as nothing but mercy to people of the whole world.,और (ऐ रसूल) हमने तो तुमको सारे दुनिया जहाँन के लोगों के हक़ में अज़सरतापा रहमत बनाकर भेजा
735,How to sort files,कैसे फ़ाइल को छाँटा जाए
736,"Folder ""%1"" on the volume with the id ""%2""","""relative path"" on harddisk partition with ""label"""
737,America/ Eirunepe,अमेरिका/ एयरुनपे
738,C++ Header (GPL),सी++ हेडर (जीपीएल) @ item: inmenu
739,"And in the night-time hallow Him, and also after the prescribed prostration.",और रात की घड़ियों में फिर उसकी तसबीह करो और सजदों के पश्चात भी
740,(SIRENS WAILING),(आवाज रोना)
741,Do they not see that they are tried every year once or twice but then they do not repent nor do they remember?,क्या वह लोग (इतना भी) नहीं देखते कि हर साल एक मरतबा या दो मरतबा बला में मुबितला किए जाते हैं फिर भी न तो ये लोग तौबा ही करते हैं और न नसीहत ही मानते हैं
742,"And lest—if an affliction were to befall them because of what their hands have sent ahead —they should say, ‘Our Lord! Why did You not send us an apostle so that we might have followed Your signs and been among the faithful?’",और अगर ये नही होता कि जब उन पर उनकी अगली करतूतों की बदौलत कोई मुसीबत पड़ती तो बेसाख्ता कह बैठते कि परवरदिगार तूने हमारे पास कोई पैग़म्बर क्यों न भेजा कि हम तेरे हुक्मों पर चलते और ईमानदारों में होते (तो हम तुमको न भेजते )
743,I didn't mean to intrude.,दखल नहीं देना चाहता था।
744,How would you like to have a baby brother?,तुम्हें एक छोटा सा भाई चाहिए क्या?
745,Within three to nine years. To Allah belongs the command before and after. And that day the believers will rejoice,क्योंकि (इससे) पहले और बाद (ग़रज़ हर ज़माने में) हर अम्र का एख्तेयार ख़ुदा ही को है और उस दिन ईमानदार लोग ख़ुदा की मदद से खुश हो जाएँगे
746,% of Natural Image Size,स्वाभाविक छवि आकार का%
747,Tutorials,शिक्षण पाठ
748,Could not open dictionary %1.,पाठ ढूंढें (e)
749,http: / /,http: //
750,LSkat,एलएस- कैट
751,LDAP Server,एकोनादी मेल थ्रेडर एजेंटComment
752,Public Folder,सार्वजनिक फ़ोल्डर
753,Invalid password for '%s','%s' के लिये अवैध पासवर्ड
754,"Whoso desireth the harvest of the Hereafter, We give him increase in its harvest. And whoso desireth the harvest of the world, We give him thereof, and he hath no portion in the Hereafter.","जो कोई आख़िरत की खेती चाहता है, हम उसके लिए उसकी खेती में बढ़ोत्तरी प्रदान करेंगे और जो कोई दुनिया की खेती चाहता है, हम उसमें से उसे कुछ दे देते है, किन्तु आख़िरत में उसका कोई हिस्सा नहीं"
755,Icon View,प्रतीक दृश्य
756,You may also obtain other benefits from them. You may ride them to seek whatever you need or be carried by them as ships carry you by sea.,और तुम्हारे लिए उनमें (और भी) फायदे हैं और ताकि तुम उन पर (चढ़ कर) अपनी दिली मक़सद तक पहुँचो और उन पर और (नीज़) कश्तियों पर सवार फिरते हो
757,_Encrypt the file list too,फ़ाइल सूची को भी गोपित करें (_E)
758,"Actually, he called me the other day for some advice.","मैं दरअसल, वह मुझे कुछ सलाह के लिए दूसरे दिन बुलाया"
759,The device '%1 'is not a disk and cannot be ejected.,उल्लेखित रिसोर्स अस्तित्व में नहीं है.
760,"Even though you may be concerned about their guidance, God does not guide those who misguide. And they will have no saviors.","यद्यपि इस बात का कि वे राह पर आ जाएँ तुम्हें लालच ही क्यों न हो, किन्तु अल्लाह जिसे भटका देता है, उसे वह मार्ग नहीं दिखाया करता और ऐसे लोगों का कोई सहायक भी नहीं होता"
761,Error saving {0} to {1}: {2},{0} को {1} में सहेजने में त्रुटि: 2
762,"Looks like we're going home with some money, boys.","जैसे हम घर जा रहे हैं लगता है कुछ पैसे के साथ, लड़कों."
763,You're killing me.,तुम मुझे मार रहे हैं.
764,"Abiders therein, their torment shall not be lightened nor shall they be respited.","इसी दशा में वे सदैव रहेंगे, न उनकी यातना हल्की होगी और न उन्हें मुहलत ही दी जाएगी"
765,"Come on, let's go.",चलो चलते हैं।
766,Are you sure you want to permanently remove all the deleted messages in all folders?,क्या आप निश्चित हैं कि आप सारे फ़ोल्डर से सारे मिटाए संदेश स्थायी रूप से मिटाना चाहते हैं?
767,"And of the camels two (male and female), and of oxen two (male and female). Say: ""Has He forbidden the two males or the two females or (the young) which the wombs of the two females enclose? Or were you present when Allah ordered you such a thing? Then who does more wrong than one who invents a lie against Allah, to lead mankind astray without knowledge. Certainly Allah guides not the people who are Zalimun (polytheists and wrong-doers, etc.).""",अगर तुम सच्चे हो तो ज़रा समझ के मुझे बताओ और ऊँट के (नर मादा) दो और गाय के (नर मादा) दो (ऐ रसूल तुम उनसे) पूछो कि ख़ुदा ने उन दोनों (ऊँट गाय के) नरों को हराम किया या दोनों मादनियोंको या उस बच्चे को जो दोनों मादनियों के पेट अपने अन्दर लिये हुए है क्या जिस वक्त ख़ुदा ने तुमको उसका हुक्म दिया था तुम उस वक्त मौजूद थे फिर जो ख़ुदा पर झूठ बोताहन बॉधे उससे ज्यादा ज़ालिम कौन होगा ताकि लोगों के वे समझे बूझे गुमराह करें ख़ुदा हरगिज़ ज़ालिम क़ौम में मंज़िले मक़सूद तक नहीं पहुचाता
768,Import Outlook messages from PST file,PST फ़ाइल से आउटलुक संदेश आयात करें
769,"Except with their wives and the (captives) whom their right hands possess,- for (then) they are not to be blamed,",तो इन लोगों की हरगिज़ मलामत न की जाएगी
770,"Allah has sealed their hearts and their ears, and on their eyes is a covering; and for them is a terrible punishment.",उनके दिलों पर और उनके कानों पर (नज़र करके) खुदा ने तसदीक़ कर दी है (कि ये ईमान न लाएँगे) और उनकी ऑंखों पर परदा (पड़ा हुआ) है और उन्हीं के लिए (बहुत) बड़ा अज़ाब है
771,"If there had been immediate gain (in sight), and the journey easy, they would (all) without doubt have followed thee, but the distance was long, (and weighed) on them. They would indeed swear by Allah, ""If we only could, we should certainly have come out with you"": They would destroy their own souls; for Allah doth know that they are certainly lying.",(ऐ रसूल) अगर सरे दस्त फ़ायदा और सफर आसान होता तो यक़ीनन ये लोग तुम्हारा साथ देते मगर इन पर मुसाफ़त (सफ़र) की मशक़क़त (सख्ती) तूलानी हो गई और अगर पीछे रह जाने की वज़ह से पूछोगे तो ये लोग फौरन ख़ुदा की क़समें खॉएगें कि अगर हम में सकत होती तो हम भी ज़रूर तुम लोगों के साथ ही चल खड़े होते ये लोग झूठी कसमें खाकर अपनी जान आप हलाक किए डालते हैं और ख़ुदा तो जानता है कि ये लोग बेशक झूठे हैं
772,_Fields Shown...,दिखाया गया क्षेत्र (_F)...
773,Are you sure you want to delete the memo '{0}'?,क्या आप निश्चित हैं कि आप '{0}' ज्ञापन को मिटाना चाहते हैं?
774,Misses,चूकें
775,"Be wakeful of your service of prayer, and the midmost service; and honour God by standing before Him in devotion.","सदैव नमाज़ो की और अच्छी नमाज़ों की पाबन्दी करो, और अल्लाह के आगे पूरे विनीत और शान्तभाव से खड़े हुआ करो"
776,Standard,मानक
777,Has Allah taken for Himself daughters out of those whom He creates and has chosen you to have sons?,क्या उसने अपनी मख़लूक़ात में से ख़ुद तो बेटियाँ ली हैं और तुमको चुनकर बेटे दिए हैं
778,Whether the meta is enabled,क्या मेटा सक्रिय किया हुआ है
779,Show the side bar,बाजू-पट्टी दिखाएँ
780,Delete the selection from the archive,अभिलेख से चयनित को मिटाएँ
781,With All Sub-Albums,सभी उप- एलबमों सहित
782,Danny?,डैनी?
783,Locale:,स्थान-विशिष्ट:
784,Judith.,जूडिथ.
785,"Position of the vertical pane, between the calendar lists and the date navigator calendar","लंबव पट्टी की स्थिति, पंचांग सूची और तिथि नेविगेटर पंचांग के बीच."
786,Status: %s,स्थिति: %s
787,KURTP(A1: A5),KURTP( A1: A5)
788,"Or do the people of the dwellings not fear that Our wrath may come upon them during the day, while they are playing?","और क्या बस्तियों के लोगो को इस ओर से निश्चिन्त रहने का अवसर मिल सका कि दिन चढ़े उनपर हमारी यातना आ जाए, जबकि वे खेल रहे हों?"
789,"And lest, if an affliction had afflicted them for that which their hands had sent before, they should have said: our Lord! wherefore sent not Thou an apostle unto us that we might have followed Thy revelations and been of the believers!","(हम रसूल बनाकर न भेजते) यदि यह बात न होती कि जो कुछ उनके हाथ आगे भेज चुके है उसके कारण जब उनपर कोई मुसीबत आए तो वे कहने लगें, ""ऐ हमारे रब, तूने क्यों न हमारी ओर कोई रसूल भेजा कि हम तेरी आयतों का (अनुसरण) करते और मोमिन होते?"""
790,you shall proceed onwards from stage to stage.,निश्चय ही तुम्हें मंजिल पर मंजिल चढ़ना है
791,"Except for those who repent after that and correct themselves. For indeed, Allah is Forgiving and Merciful.","हाँ, जिन लोगों ने इसके पश्चात तौबा कर ली और अपनी नीति को सुधार लिया तो निस्संदेह अल्लाह बड़ा क्षमाशील, दयावान है"
792,"And enjoin prayer upon your family [and people] and be steadfast therein. We ask you not for provision; We provide for you, and the [best] outcome is for [those of] righteousness.","और अपने लोगों को नमाज़ का आदेश करो और स्वयं भी उसपर जमे रहो। हम तुमसे कोई रोज़ी नहीं माँगते। रोज़ी हम ही तुम्हें देते है, और अच्छा परिणाम तो धर्मपरायणता ही के लिए निश्चित है"
793,That's...,यह है ...
794,Do you think the men of the cave and Ar-Raqim were so strange among Our signs?,क्या तुम समझते हो कि गुफा और रक़ीमवाले हमारी अद्भु त निशानियों में से थे?
795,+10,+10
796,_Update,अद्यतन करें (_U)
797,"Tech-49, Jack Harper.","टेक-49, जैक हार्पर."
798,Sums'ka oblast ',सुम्सका ओबलास्टukraine. kgm
799,Matthias Kalle Dalheimer,मेथियास काल दाल्हेमेर
800,bounded by,के द्वारा बाउंडेड
801,Autosave,स्वतः सहेजें
802,ImagePlugin_AdjustLevels,इमेज़- प्लगइन_ एडज़स्ट- लेवल्स
803,"To Pharaoh, Haman, and Qarun; but they called (him)"" a sorcerer telling lies!""...","फ़िरऔन औऱ हामान और क़ारून की ओर भेजा था, किन्तु उन्होंने कहा, ""यह तो जादूगर है, बड़ा झूठा!"""
804,S6: Keep under... (inert gas to be specified by the manufacturer),S6: ऐसे रखें... (अक्रिय गैसें - निर्माता द्वारा निर्दिष्ट किया जाए) Please take the official translations! You find them here: http: // europa. eu. int/ eur- lex/ lex/ LexUriServ/ LexUriServ. do? uri=CELEX: 32001L0059: EN: HTML
805,"So that day their excuses will not profit the evildoers, nor will they be suffered to make amends.",तो उस दिन सरकश लोगों को न उनकी उज्र माअज़ेरत कुछ काम आएगी और न उनकी सुनवाई होगी
806,"And what have you understood, what hell is!",और तुम्हें क्या पता की सक़र क्या है?
807,%1,% 1
808,Encrypt,गोपन करें
809,Construct the parallel line through this point,इस बिन्दु से एक समानांतर रेखा बनाएँ
810,Are you listening to me?,आप मुझे सुन रहे हो?
811,Octal,#-#-#-#-# gnome-media.HEAD.hi.po (gnome-media 2.0) #-#-#-#-# स्वर #-#-#-#-# nautilus.HEAD.hi.po (nautilus 2.x) #-#-#-#-# मौखिक
812,Ignore TLS Errors,TLS त्रुटियाँ को नज़रअंदाज़ करें
813,%s (*.%s),%s (*.%s)
814,"Indeed, in the cattle there is a lesson for you. We give you to drink of that which is in their bellies, between the filth (bowels) and blood, pure milk, which is sweet to those who drink.","और इसमें शक़ नहीं कि चौपायों में भी तुम्हारे लिए (इबरत की बात) है कि उनके पेट में ख़ाक, बला, गोबर और ख़ून (जो कुछ भरा है) उसमें से हमे तुमको ख़ालिस दूध पिलाते हैं जो पीने वालों के लिए खुशगवार है"
815,Are you out of your fucking mind?,तुम्हारा दिमाग तो नहीं खराब हो गया?
816,Lord of the East and the West; there is no god but He; so take Him for a Guardian.,(वही) मशरिक और मग़रिब का मालिक है उसके सिवा कोई माबूद नहीं तो तुम उसी को कारसाज़ बनाओ
817,Redo,दोहराएँ (d)
818,"And there will remain the Face of your Lord, Owner of Majesty and Honor.",किन्तु तुम्हारे रब का प्रतापवान और उदार स्वरूप शेष रहनेवाला है
819,"He said to his father and his people, “What are you worshiping?","जबकि उसने अपने बाप और अपनी क़ौम के लोगों से कहा, ""तुम किस चीज़ की पूजा करते हो?"
820,Error adding contact,संपर्क में जोड़ने में त्रुटि
821,"And remember when you were only a few and meek in the land, and feared that men may snatch you away – He therefore gave you refuge and strengthened you with His help, and gave you good things as sustenance, so that you may be thankful.","और याद करो जब तुम थोड़े थे, धरती में निर्बल थे, डरे-सहमे रहते कि लोग कहीं तु्म्हें उचक न ले जाएँ, फिर उसने तुम्हें ठिकाना दिया और अपनी सहायता से तुम्हें शक्ति प्रदान की और अच्छी-स्वच्छ चीज़ों की तुम्हें रोजी दी, ताकि तुम कृतज्ञता दिखलाओ"
822,"No, they are not.","नहीं, वे नहीं कर रहे हैं."
823,Okay?,ठीक?
824,No,नहीं
825,Asia/Seoul,एशिया/सियोल
826,- TOM:,- TOM:
827,"I have chosen you, so listen to what is revealed.",और मैंने तुमको पैग़म्बरी के वास्ते मुन्तख़िब किया (चुन लिया) है तो जो कुछ तुम्हारी तरफ़ वही की जाती है उसे कान लगा कर सुनो
828,When were you going to tell me this?,जब तुम मुझे यह बताने के लिए जा रहे थे?
829,It's so beautiful in Denver today it's hard to believe a snowstorm could be close.,कितना सुंदर है डेनवर में आज... ...यह विश्वास करना मुश्किल है कि एक बर्फीला तूफान करीब हो सकता है.
830,"(Recall) when I inspired the disciples to have faith in Me and My Messenger. They said, ""We have accepted the faith. Lord, bear witness that we have submitted ourselves to Your will""","और याद करो, जब मैंने हबारियों (साथियों और शागिर्दों) के दिल में डाला कि ""मुझपर और मेरे रसूल पर ईमान लाओ,"" तो उन्होंने कहा, ""हम ईमान लाए और तुम गवाह रहो कि हम मुस्लिम है।"""
831,"and say things which they do not act upon,",और ये लोग ऐसी बाते कहते हैं जो कभी करते नहीं
832,Additional objects:,अतिरिक्त वस्तु:
833,I'm Dekins.,मैं डेकिन्स हूँ.
834,Is it good?,यह ठीक होगा?
835,The answer was wrong.,आपका उत्तर गलत था.% 1% done.
836,%s in %s,%s %s में
837,Center the cell contents,कक्ष सामग्रियों को बीच में जमाएं
838,"We shall let them enjoy themselves for a little while, but then We shall drive them to a harsh punishment.",हम उन्हें चन्द रोज़ों तक चैन करने देगें फिर उन्हें मजबूर करके सख्त अज़ाब की तरफ खीच लाएँगें
839,No.,नहीं.
840,_Print…,छापें (_P)…
841,Sets how often this event or to-do should recur.,सेट करता है कि कितनी बार यह घटना या कार्य हो. @ label
842,"Believers, remember the Favor of Allah to you when there came against you hosts (armies). We unleashed against them a wind and hosts (angels) you could not see. Allah sees the things you do.","ऐ ईमान लानेवालो! अल्लाह की उस अनुकम्पा को याद करो जो तुमपर हुई; जबकि सेनाएँ तुमपर चढ़ आई तो हमने उनपर एक हवा भेज दी और ऐसी सेनाएँ भी, जिनको तुमने देखा नहीं। और अल्लाह वह सब कुछ देखता है जो तुम करते हो"
843,This place ain't so bad.,यह जगह इतनी बुरी नहीं है.
844,Africa/Timbuktu,अफ्रीका/टिम्बकटू
845,Fire!,वापस रहें!
846,"When they compete to bring out the good, the best in each other this is the love between men that can build a city-state and lift us from our frog pond.","वे अच्छा बाहर लाने के लिए प्रतिस्पर्धा करते हैं, एक दूसरे में सर्वश्रेष्ठ... ... इस एक शहर राज्य का निर्माण कर सकते हैं कि पुरुषों के बीच प्यार है... ... और हमारे मेंढक तालाब से हमें उठा."
847,Cannot get message %s: %s,%s संदेश नहीं पा सकता है: %s
848,You promise?,आपका वादा?
849,Error when loading external tools,त्रुटि उपकरण
850,Multiple Unseen Messages,बहु अपठित संदेश
851,I'm the guy that can get things.,"मैं ही चीजें ला सकता हूं, न?"
852,Jack:,जैक:
853,Arctic/Longyearbyen,आर्कटिक/लोंगइयरबायन
854,"Could not open ""%1"" - unknown mimetype.","""% 1"" को खोल नहीं सका - अज्ञात माइम क़िस्म."
855,"Had they had faith in God, the Prophet, and what was revealed to him, they would not have been the friends of the unbelievers. However, many of them are evil-doers.",और अगर ये लोग ख़ुदा और रसूल पर और जो कुछ उनपर नाज़िल किया गया है ईमान रखते हैं तो हरगिज़ (उनको अपना) दोस्त न बनाते मगर उनमें के बहुतेरे तो बदचलन हैं
856,Failed to load remote file.,दस्तावेज फिर लोड करने में विफल.
857,Solvable game generation based on algorithm by Michael Meeks in GNOME mahjongg,हल करने योग्य खेल बनाया जाना अल्गोरिदम मिखाइल मीक्स के ग्नोम महजोंग खेल पर आधारित.
858,%s has declined the following assigned task:,%s ने कार्य भार को मना कर दिया है:
859,Invalid URL,अवैध यूआरएल
860,EDF file header editor,EDF फ़ाइल हैडर संपादक
861,New Top View,नया ऊपरी दृश्य
862,Earth-like,पृथ्वी- जैसा
863,Month view horizontal pane position,मासिक दृश्य क्षैतिज पट्टी की अवस्थिति
864,Source File,स्रोत फ़ाइल
865,"So He hath made the consequence (to be) hypocrisy in their hearts until the day when they shall meet Him, because they broke their word to Allah that they promised Him, and because they lied.","फिर परिणाम यह हुआ कि उसने उनके दिलों में उस दिन तक के लिए कपटाचार डाल दिया, जब वे उससे मिलेंगे, इसलिए कि उन्होंने अल्लाह से जो प्रतिज्ञा की थी उसे भंग कर दिया और इसलिए भी कि वे झूठ बोलते रहे"
866,Sort file list by modification time,फ़ाइल सूची परिवर्धन समय के अनुसार छाँटेंsort by file location
867,Staple Every 17 Sheets,हर 17 शीट स्टेपल करें
868,Object Identifier (%s),वस्तु पहचानकर्ता (%s)
869,A KDE text-editor component could not be found; please check your KDE installation.,केडीई पाठ संपादक अवयव पाया नहीं जा सका! कृपया अपना केडीई संस्थापन जाँचें
870,Oh.,ओह.
871,"Say, ""Show me those whom you have related to God as His partner. He is too Exalted to have any partners. He is the Majestic and All-wise God.""",(ऐ रसूल तुम कह दो कि जिनको तुम ने खुदा का शरीक बनाकर) खुदा के साथ मिलाया है ज़रा उन्हें मुझे भी तो दिखा दो हरगिज़ (कोई शरीक नहीं) बल्कि खुदा ग़ालिब हिकमत वाला है
872,America/Cuiaba,अमेरिका/क्यूएबा
873,Make ready!,तैयार करें...
874,Rotate Left,बाएँ घुमाएँ
875,"O children of Adam! We have provided you with clothing to cover your bodies, and for luxury. But the clothing of piety—that is best. These are some of God’s revelations, so that they may take heed.","ऐ आदम की सन्तान! हमने तुम्हारे लिए वस्त्र उतारा है कि तुम्हारी शर्मगाहों को छुपाए और रक्षा और शोभा का साधन हो। और धर्मपरायणता का वस्त्र - वह तो सबसे उत्तम है, यह अल्लाह की निशानियों में से है, ताकि वे ध्यान दें"
876,"Or have We given them any Book before this (the Quran), to which they are holding fast?",या हमने उनको उससे पहले कोई किताब दी थी कि ये लोग उसे मज़बूत थामें हुए हैं
877,Don't you believe me?,क्या आपको यकीऩ नहीं?
878,Kabuntalan,काबुलphilippines. kgm
879,"As one who calls people to God by His leave, and guides them like a shining light.",और खुदा की तरफ उसी के हुक्म से बुलाने वाला और (ईमान व हिदायत का) रौशन चिराग़ बनाकर भेजा
880,"of pitch their shirts, their faces enveloped by the Fire,",उनके (बदन के) कपड़े क़तरान (तारकोल) के होगे और उनके चेहरों को आग (हर तरफ से) ढाके होगी
881,God judges with Truth but those whom they worship besides God can have no Judgment. God is certainly All-hearing and All-aware.,"और ख़ुदा ठीक ठीक हुक्म देता है, और उसके सिवा जिनकी ये लोग इबादत करते हैं वह तो कुछ भी हुक्म नहीं दे सकते, इसमें शक नहीं कि ख़ुदा सुनने वाला देखने वाला है"
882,Loop through the image sequence,छवि अनुक्रम में लूप करें
883,Birthday: %s,जन्मदिन: %s
884,Australian Capital Territory,ऑस्ट्रेलियाई राजधाीनी क्षेत्रaustralia. kgm
885,Who knows how they take care of them.,कौन जाने वे कैसा ख्याल रखते हैं.
886,Icosahedron,आईकोसाहेडेरॉन
887,LDAP Login,एलडीएपी लॉगइन
888,Controls the relative number of asteroid name labels drawn in the map.,नक्शे में छुद्रग्रहों के नाम लेबलों की सापेक्ष संख्या को नियंत्रित करता है.
889,"Tower 49, you have put the whole operation at risk.",".. टॉवर49 ,आप जोखिममें पूरे ऑपरेशन में डाल दिया है"
890,Custom...,मनपसंद...
891,"Indeed Safa and Marwah are among the emblems of Allah: it is, therefore, no sin for him, who performs Hajj or `Umrah to the House of AIIah, to run between the two hills; and Allah knows and appreciates him who does any good with a willing heart.","निस्संदेह सफ़ा और मरवा अल्लाह की विशेष निशानियों में से हैं; अतः जो इस घर (काबा) का हज या उमपा करे, उसके लिए इसमें कोई दोष नहीं कि वह इन दोनों (पहाडियों) के बीच फेरा लगाए। और जो कोई स्वेच्छा और रुचि से कोई भलाई का कार्य करे तो अल्लाह भी गुणग्राहक, सर्वज्ञ है"
892,"But those endued with knowledge and faith will say: ""Indeed ye did tarry, within Allah's Decree, to the Day of Resurrection, and this is the Day of Resurrection: but ye - ye were not aware!""","किन्तु जिन लोगों को ज्ञान और ईमान प्रदान हुआ, वे कहते, ""अल्लाह के लेख में तो तुम जीवित होकर उठने के दिन ठहरे रहे हो। तो यही जीवित हो उठाने का दिन है। किन्तु तुम जानते न थे।"""
893,"Like Pharaoh's folk and those who were before them, they disbelieved Our revelations and so Allah seized them for their sins. And Allah is severe in punishment.",जैसे फ़िरऔन के लोगों और उनसे पहले के लोगों का हाल हुआ। उन्होंने हमारी आयतों को झुठलाया तो अल्लाह ने उन्हें उनके गुनाहों पर पकड़ लिया। और अल्लाह कठोर दंड देनेवाला है
894,The file cannot be read,यह मद नहीं भेजा जा सका!
895,There was an error deleting “%s”.,“%s” मिटाने में कोई त्रुटि थी.
896,Zoom Out,ज़ूम आउट
897,You're welcome.,आपका स्वागत है.
898,18MB Upgrade,18MB अद्यतन
899,nine of clubs,चिड़ी का नहला
900,This is Dick Hallorann again.,यह डिक हैलोरन है फिर से.
901,Missing date.,तिथि अनुपस्थित.
902,is less than,से कम है
903,Shared Object,साझेदारी वस्तु
904,"And to Allah belongs the dominion of the heavens and the earth, and to Allah is the destination.",और सारे आसमान व ज़मीन की सल्तनत ख़ास ख़ुदा ही की है और ख़ुदा ही की तरफ (सब को) लौट कर जाना है
905,The disc could not be ejected though it needs to be removed for the current operation to continue.,डिस्क बाहर निकाला नहीं जा सकता हालांकि इसे हटाना जरुरी है मौजूदा प्रक्रिया को जारी रखने के लिए.
906,Murph!,Murph!
907,"But I am indeed Most Forgiving to him who repents and believes and does righteous works and keeps to the Right Way.""","और जो तौबा कर ले और ईमान लाए और अच्छा कर्म करे, फिर सीधे मार्ग पर चलता रहे, उसके लिए निश्चय ही मैं अत्यन्त क्षमाशील हूँ।"" -"
908,You cannot take our dragons!,तुम हमारे ड्रैगन्स नहीं ले सकते!
909,Bad packet at packet #%1 (stream byte offset %2),पैकेट #% 1 पर खराब पैकेट (स्ट्रीम बाइट ऑफसेट% 2)
910,"Do not molest her lest the chastisement of an Awesome Day should seize you.""",और इसको कोई तकलीफ़ न पहुँचाना वरना एक बड़े (सख्त) ज़ोर का अज़ाब तुम्हे ले डालेगा
911,A TIME FOR DRUNKEN HORSES,एक दौर मदहोश घोडों का
912,and they cried loud lies to Our signs;,और इन लोगो हमारी आयतों को बुरी तरह झुठलाया
913,"No indeed, soon you will know!","कुछ नहीं, तुम शीघ्र ही जान लोगे"
914,Scott Manson,स्कॉट मैंसन
915,_Forward style:,अग्रेषित शैली: (_F)
916,Could not rename '%s': %s,'%s' का पुनः नामकरण नहीं कर सका: %s
917,It is a brief usage; their home is hell; and what an evil resting-place!,ये चन्द रोज़ा फ़ायदा हैं फिर तो (आख़िरकार) उनका ठिकाना जहन्नुम ही है और क्या ही बुरा ठिकाना है
918,Dock switcher style:,डॉक शैली:
919,"Set forth to them, by way of a parable, the (story of) the Companions of the City. Behold!, there came messengers to it.","उनके लिए बस्तीवालों की एक मिसाल पेश करो, जबकि वहाँ भेजे हुए दूत आए"
920,Memo information,अधिक सूचना
921,Duck.,नीचे झुको।
922,Color/ Border,रंग/ किनाराNAME OF TRANSLATORS
923,One question.,एक सवाल।
924,"Nor was thy Lord the one to destroy a population until He had sent to its centre a messenger, rehearsing to them Our Signs; nor are We going to destroy a population except when its members practise iniquity.","तेरा रब तो बस्तियों को विनष्ट करनेवाला नहीं जब तक कि उनकी केन्द्रीय बस्ती में कोई रसूल न भेज दे, जो हमारी आयतें सुनाए। और हम बस्तियों को विनष्ट करनेवाले नहीं सिवाय इस स्थिति के कि वहाँ के रहनेवाले ज़ालिम हों"
925,And how many an angel is there in the heavens whose intercession does not avail at all except after Allah has given permission to whom He pleases and chooses.,"और आसमानों में बहुत से फरिश्ते हैं जिनकी सिफ़ारिश कुछ भी काम न आती, मगर ख़ुदा जिसके लिए चाहे इजाज़त दे दे और पसन्द करे उसके बाद (सिफ़ारिश कर सकते हैं)"
926,Search Filter,फ़िल्टर खोजें
927,"""Begone,"" said (God), ""contemptible and rejected! As for those who follow you, I shall fill up Hell with all of you.","कहा, ""निकल जा यहाँ से! निन्दित ठुकराया हुआ। उनमें से जिस किसी ने भी तेरा अनुसरण किया, मैं अवश्य तुम सबसे जहन्नम को भर दूँगा।"""
928,(Ascending),(घटते क्रम में)
929,Hooray!,वाह!
930,"Do you think We created you for nothing, and that you will not return to Us?""","तो क्या तुमने यह समझा था कि हमने तुम्हें व्यर्थ पैदा किया है और यह कि तुम्हें हमारी और लौटना नहीं है?"""
931,"And they appoint a share of that We have provided them to what they know not. By God, you shall be questioned as to that you forged.",और हमने जो रोज़ी उनको दी है उसमें से ये लोग उन बुतों का हिस्सा भी क़रार देते है जिनकी हक़ीकत नहीं जानते तो ख़ुदा की (अपनी) क़िस्म जो इफ़तेरा परदाज़ियाँ तुम करते थे (क़यामत में) उनकी बाज़पुर्स (पूछ गछ) तुम से ज़रुर की जाएगी
932,American Samoa,अमेरिकी सामोआ
933,Because the universe needed you.,क्योंकि ब्रह्मांड को तुम्हारी ज़रूरत थी।
934,"As for those who disbelieve, neither their riches nor their children shall help them a thing from Allah. They are the people of the Fire, and there they shall remain for ever.",बेशक जिन लोगों ने कुफ़्र इख्तेयार किया ख़ुदा (के अज़ाब) से बचाने में हरगिज़ न उनके माल ही कुछ काम आएंगे न उनकी औलाद और यही लोग जहन्नुमी हैं और हमेशा उसी में रहेंगे
935,"If this option is enabled, the preview area will be split horizontally, displaying the original and target image at the same time. The original is above the red dashed line, the target below it.",बदलें (R)
936,Celestial equator,खगोलीय भूमध्य रेखा (q)
937,Fetching folder list…,फ़ोल्डर सूची ला रहा है…
938,"Allah, your Lord and Lord of your forefathers?,’",और (जो) तुम्हारा परवरदिगार और तुम्हारे अगले बाप दादाओं का (भी) परवरदिगार है
939,Brasero project file,ब्रैसेरो परियोजना फाइल
940,Those concerning whom the Word will have come true will say: Our Lord! These are they whom we led astray. We led them astray even as we ourselves were astray. We declare our innocence before Thee: us they never worshipped.,"जिनपर बात पूरी हो चुकी होगी, वे कहेंगे, ""ऐ हमारे रब! ये वे लोग है जिन्हें हमने बहका दिया था। जैसे हम स्वयं बहके थे, इन्हें भी बहकाया। हमने तेरे आगे स्पष्ट कर दिया कि इनसे हमारा कोई सम्बन्ध नहीं। ये हमारी बन्दगी तो करते नहीं थे?"""
941,End time is wrong,अंत्य समय गलत है गलत है
942,"DSUM(A1: C5; ""Salary""; A9: A11)","DSUM( A1: C5; ""वेतन""; A9: A11)"
943,You're all right.,तुम ठीक हो. आओ.
944,Macedonia,मकदूनियाworld. kgm
945,"- Yeah, what's that?","- हाँ , क्या है वह ?"
946,Catalonia,केटालोनियाspain. kgm
947,Cannot find a corresponding account in the org.gnome.OnlineAccounts service from which to obtain a password for '%s',सेवा org.gnome.OnlineAccounts जिसमें से '%s' के लिए एक पासवर्ड प्राप्त करने के लिए इसी खाते में नहीं मिल सकता है
948,Add wire outlines for all rectangular geometry,सारे आयताकार ज्यामिति के लिए तार रूपरेखा जोड़ें
949,"and do not deliver short, and do not go about creating mischief in the land,",और लोगों को उनकी चीज़े (जो ख़रीदें) कम न ज्यादा करो और ज़मीन से फसाद न फैलाते फिरो
950,(GROANING),(कराहना)
951,Unknown error,अज्ञात त्रुटि
952,_Apply filters to new messages in Inbox on this server,इस सर्वर पर इनबाक्स में नए संदेश के लिए फिल्टर चलाएँ (_A)
953,"Then the Shaitan (Satan) made them slip therefrom (the Paradise), and got them out from that in which they were. We said: ""Get you down, all, with enmity between yourselves. On earth will be a dwelling place for you and an enjoyment for a time.""",तब शैतान ने आदम व हौव्वा को (धोखा देकर) वहाँ से डगमगाया और आख़िर कार उनको जिस (ऐश व राहत) में थे उनसे निकाल फेंका और हमने कहा (ऐ आदम व हौव्वा) तुम (ज़मीन पर) उतर पड़ो तुममें से एक का एक दुशमन होगा और ज़मीन में तुम्हारे लिए एक ख़ास वक्त (क़यामत) तक ठहराव और ठिकाना है
954,Artist (*):,कलाकार (*):
955,"Say thou: bethink ye, if Allah made night continuous for you till the Day of Resurrection, what god is there beside Allah, who would bring you light? Hearken ye not?","‍‍कहो, ""क्या तुमने विचार किया कि यदि अल्लाह क़ियामत के दिन तक सदैव के लिए तुमपर रात कर दे तो अल्लाह के सिवा कौन इष्ट-प्रभु है जो तुम्हारे लिए प्रकाश लाए? तो क्या तुम देखते नहीं?"""
956,"Yeah, that's one down.",एक तो गया।
957,They didn't bring us here to change the past.,"""वे"" हमें यहाँ भूतकाल को बदलने के लिए नहीं लाये."
958,Delete synchronization group '%1 '?,सिंक्रोनाइज़ेशन समूह '% 1' मिटाएँ?
959,& Invite...,निमंत्रित करें... (I)
960,Read items marked _private,मद निजी रूप में चिह्नित को पढ़ें (_p)
961,PCS,पीसीएस
962,Cookie accept,कुकी स्वीकार्य
963,"But We will certainly give the Unbelievers a taste of a severe Penalty, and We will requite them for the worst of their deeds.",तो हम भी काफ़िरों को सख्त अज़ाब के मज़े चखाएँगे और इनकी कारस्तानियों की बहुत बड़ी सज़ा ये दोज़ख़ है
964,"And mention, [O Muhammad], the brother of 'Aad, when he warned his people in the [region of] al-Ahqaf - and warners had already passed on before him and after him - [saying], ""Do not worship except Allah. Indeed, I fear for you the punishment of a terrible day.""",और (ऐ रसूल) तुम आद को भाई (हूद) को याद करो जब उन्होंने अपनी क़ौम को (सरज़मीन) अहक़ाफ में डराया और उनके पहले और उनके बाद भी बहुत से डराने वाले पैग़म्बर गुज़र चुके थे (और हूद ने अपनी क़ौम से कहा) कि ख़ुदा के सिवा किसी की इबादत न करो क्योंकि तुम्हारे बारे में एक बड़े सख्त दिन के अज़ाब से डरता हूँ
965,"Or have they the treasures of the Mercy of your Lord, the All-Mighty, the Real Bestower?",(इस वजह से ये शरारत है) (ऐ रसूल) तुम्हारे ज़बरदस्त फ़य्याज़ परवरदिगार के रहमत के ख़ज़ाने इनके पास हैं
966,Copy CD/DVD,सीडी व डीवीडी की नक़ल करें
967,"Indeed upon those who disbelieved, and died as disbelievers, is the curse of Allah and of the angels and of men combined.","जिन लोगों ने कुफ़्र किया और काफ़िर (इनकार करनेवाले) ही रहकर मरे, वही हैं जिनपर अल्लाह की, फ़रिश्तों की और सारे मनुष्यों की, सबकी फिटकार है"
968,"He said: ""This is a mercy from my Lord: But when the promise of my Lord comes to pass, He will make it into dust; and the promise of my Lord is true.""",जुलक़रनैन ने (दीवार को देखकर) कहा ये मेरे परवरदिगार की मेहरबानी है मगर जब मेरे परवरदिगार का वायदा (क़यामत) आयेगा तो इसे ढहा कर हमवार कर देगा और मेरे परवरदिगार का वायदा सच्चा है
969,All accounts have been removed.,सारा खाता हटा दिया गया
970,Theirs shall be fruit therein and theirs shall be whatsoever they ask for.,बेिहश्त में उनके लिए (ताज़ा) मेवे (तैयार) हैं और जो वह चाहें उनके लिए (हाज़िर) है
971,"Developer, Maintainer","डेवलपर, मेंटेनर"
972,Find Next,अगला ढूंढें
973,- Did you get a haircut?,- क्या तुमने बाल कटवाये हैं?
974,They have said that the Beneficent God has given birth to a son.,"वे कहते है, ""रहमान ने किसी को अपना बेटा बनाया है।"""
975,Failed to decrypt MIME part: protocol error,MIME हिस्से के विगोपन में विफल: प्रोटोकाल त्रुटि
976,"And they serve, apart from God, what neither profits them nor hurts them; and the unbeliever is ever a partisan against his Lord.",और लोग (कुफ्फ़ारे मक्का) ख़ुदा को छोड़कर उस चीज़ की परसतिश करते हैं जो न उन्हें नफा ही दे सकती है और न नुक़सान ही पहुँचा सकती है और काफिर (अबूजहल) तो हर वक्त अपने परवरदिगार की मुख़ालेफत पर ज़ोर लगाए हुए है
977,"And inform them about the guests of Abraham,",और उनको इबराहीम के मेहमान का हाल सुना दो
978,an empty slot on the tableau,तस्वीर में एक खाली खाँचा
979,OVR,मिटाकर लिखें
980,"Both of you must speak with him in a gentle manner so that perhaps he may come to himself or have fear (of God).""","उससे नर्म बात करना, कदाचित वह ध्यान दे या डरे।"""
981,Bowling Green,"बाउलिंग ग्रीनCity name (optional, probably does not need a translation)"
982,Every Sign that We showed them was greater than its predecessor; and then We seized them with Our chastisement so that they may return (to the Right Way).,और हम जो मौजिज़ा उन को दिखाते थे वह दूसरे से बढ़ कर होता था और आख़िर हमने उनको अज़ाब में गिरफ्तार किया ताकि ये लोग बाज़ आएँ
983,Location,स्थानFile
984,Check this out.,इसे देखो।
985,This key determines the GTK+ modules to load for accessibility support.,यह कुंजी पहुँच समर्थन लोड करने के लिए GTK+ मॉड्यूल निर्धारित करता है.
986,Your current password has expired. Please change your password now.,मौजूदा शब्दकूट खत्म हो गया. कृपया अपना शब्दकूट बदलें.
987,Us_ername:,उपभोक्ता नाम: (_e)
988,"but whosoever does deeds of righteousness, being a believer, shall fear neither wrong nor injustice.",और जिसने अच्छे-अच्छे काम किए और वह मोमिन भी है तो उसको न किसी तरह की बेइन्साफ़ी का डर है और न किसी नुक़सान का
989,Your system configuration does not match your Evolution configuration: {0} Click help for details.,आपके तंत्र विन्यास से आपका एवोल्यूशन विन्यास मेल नहीं खाता. {0} विवरण हेतु सहायता पर क्लिक करें
990,Delete This _Occurrence,इस आवृत्ति को मिटाएँ (_O)
991,"That they may witness the benefits for themselves, and celebrate the name of God during the appointed days, for providing them with the animal livestock. So eat from it, and feed the unfortunate poor.","ताकि वे उन लाभों को देखें जो वहाँ उनके लिए रखे गए है। और कुछ ज्ञात और निश्चित दिनों में उन चौपाए अर्थात मवेशियों पर अल्लाह का नाम लें, जो उसने उन्हें दिए है। फिर उसमें से स्वयं भी खाओ और तंगहाल मुहताज को भी खिलाओ।"""
992,so that we exalt You,ताकि हम दोनों (मिलकर) कसरत से तेरी तसबीह करें
993,Translation Domain,अनुवाद डोमेन
994,"The friends shall on that day be enemies one to another, except those who guard (against evil).",(दिली) दोस्त इस दिन (बाहम) एक दूसरे के दुशमन होगें मगर परहेज़गार कि वह दोस्त ही रहेगें
995,This little maneuver's gonna cost us 51 years!,ये छोटी सी चाल हमें 51 साल महंगी पड़ेगी !
996,Found no attachments to save.,सहेजने के लिए कोई संलग्नक नहीं मिला.
997,For storing local mail in maildir directories.,maildir निर्देशिका में स्थानीय डाक के भंडारण के लिए.
998,You gonna wait for your next kid to die?,तुम अपने अगले बच्चे के मरने का इंतज़ार कर रहे हो ?
999,Whoa-whoa-whoa...,तुम जीते।
1000,"Say, ‘It is He who created you, and made for you hearing, eyesight, and hearts. Little do you thank.’",और तुम्हारे वास्ते कान और ऑंख और दिल बनाए (मगर) तुम तो बहुत कम शुक्र अदा करते हो
